Title,Overall_Rated,Confidence_Score
rocket lab delivers second spacecraft completes third for varda space industries,neutral,0.7900983691215515
us stocks estimated to be trading below intrinsic value in december 2024,neutral,0.8047164678573608
mission success for rocket labs latest suborbital hypersonic launch,neutral,0.6479083299636841
rocket lab sets launch window to deploy synspective satellite,neutral,0.782217800617218
are investors undervaluing rocket lab usa inc nasdaqrklb by 20,neutral,0.9089890122413635
rocket lab usa inc rklb a bull case theory,positive,0.8192836046218872
anglo american sony rocket lab 3 stocks in focus,neutral,0.7577502727508545
rocket lab signs 239m chips incentives award to boost semiconductor manufacturing,positive,0.5619139671325684
rocket lab successfully launches two missions in less than 24 hours,positive,0.6724447011947632
10 predictions for the space economy in 2025,neutral,0.680432140827179
rocket lab price target raised to 30 from 25 at roth mkm,neutral,0.73430335521698
is rocket labs nasdaqrklb rally just getting started,positive,0.8695065379142761
rocket lab director sells 967m in shares following a 240 stock price surge,positive,0.6387321352958679
earnings update heres why analysts just lifted their rocket lab usa inc nasdaqrklb price target to us1436,neutral,0.8325519561767578
rocket lab stock up by over 30 on q3 earnings results,neutral,0.5985211730003357
seven i rocket lab usa directv 3 stories in focus,neutral,0.8390081524848938
rocket lab soars with 40 stock surge driven by recordbreaking electron launches in q3,negative,0.8730587959289551
rocket lab soars with 24 stock surge driven by recordbreaking electron launches in q3,negative,0.9075387716293335
rocket lab usa inc rklb q3 2024 earnings call highlights strong revenue growth and strategic,neutral,0.6751030683517456
rocket lab schedules next launch for constellation operator kineis,neutral,0.7996805906295776
rocket lab granted air force research lab award to showcase digital engineering with new archimedes rocket engine,positive,0.6666321754455566
rocket lab signs multilaunch contract for neutron with confidential commercial satellite constellation operator,neutral,0.5812041163444519
rocket lab announces third quarter 2024 financial results posts 55 yearonyear growth and guides to record revenue in q4,positive,0.8821707963943481
3 us stocks estimated to be trading at discounts up to 488,neutral,0.7793004512786865
rocket lab price target raised to 13 from 7 at citi,positive,0.8354460597038269
rocket lab shares climb as 54th electron mission successfully launches satellite,positive,0.548105776309967
from contract to space in less than ten weeks rocket lab launches its 54th electron mission,neutral,0.8479521870613098
rocket lab ceo peter beck talks scaling the space industry,neutral,0.932437002658844
rocket lab adds new mission to 2024 launch manifest schedules launch in coming days,neutral,0.7808448076248169
rocket lab awarded nasa contract to innovate mars sample return mission,neutral,0.8607054352760315
rocket lab usa inc rklb q2 2024 earnings call highlights record revenue and strategic progress,positive,0.837608814239502
rocket lab awarded contract from nasa,neutral,0.7078712582588196
rocket lab selected by nasa to complete martian rock retrieving study,positive,0.5574135184288025
rocket lab announces date of third quarter 2024 financial results,neutral,0.9419618248939514
rocket lab awarded nasa study contract to explore bringing rock samples from mars to earth for the first time,neutral,0.6190910935401917
rocket lab usa incs nasdaqrklb high institutional ownership speaks for itself as stock continues to impress up 29 over last week,neutral,0.9209303259849548
keybanc lifts rocket labs price target to 11,positive,0.6222675442695618
rocket lab completes second spacecraft for varda space industries advancing inspace manufacturing,neutral,0.7271190285682678
rocket lab successfully launches 53rd electron mission deploys another five satellites for kineis,neutral,0.802295446395874
rocket lab appoints chief operations officer to support company growth,neutral,0.6355810165405273
rocket labs meteoric rise why this space stock is just getting started,negative,0.7434019446372986
rocket lab sets launch date for second dedicated kineis mission to deploy iot constellation,neutral,0.5260612964630127
former lockheed martin chief financial officer joins rocket lab board of directors,neutral,0.7982468008995056
how to play the defense space now the playbook,neutral,0.8322702050209045
rocket lab ceo we have the right combination to break spacexs monopoly,neutral,0.8711673617362976
rocket lab rklb shares skyrocket what you need to know,positive,0.6079254746437073
rocket labnasa lincoln navigator burning man top stories,neutral,0.9135141968727112
rocket lab ships twin satellites to launch site for nasa mars mission,neutral,0.6445010900497437
analysts are updating their rocket lab usa inc nasdaqrklb estimates after its secondquarter results,neutral,0.8236133456230164
rocket lab successfully completes latest launch with capella space,neutral,0.8030059337615967
rocket lab usa second quarter 2024 earnings eps beats expectations,positive,0.5991503596305847
rocket lab stock soars on engine test q2 results,neutral,0.8581537008285522
rocket lab begins installation of large carbon composite rocketbuilding machine,neutral,0.7705958485603333
rocket lab completes successful first hot fire of archimedes engine for neutron rocket,neutral,0.6125114560127258
rocket lab announces second quarter 2024 financial results posts record revenue on 71 yearonyear growth,positive,0.5405063033103943
rocket lab schedules next electron launch just eight days after previous mission,neutral,0.8565781116485596
rocket lab partners with ksat to streamline satellite communications for customers with upgraded ground station service,neutral,0.7482983469963074
rocket lab successfully completes latest launch for synspective,neutral,0.746448278427124
rocket lab completes integration and testing of twin spacecraft for nasa mars mission,neutral,0.7148405909538269
rocket lab sets launch date for 51st electron mission prepares to deploy latest satellites in multilaunch contract for synspective,neutral,0.8365157842636108
rocket lab launch update,neutral,0.9253767728805542
when will rocket lab usa inc nasdaqrklb become profitable,neutral,0.9144546389579773
rocket lab celebrates chips act funding preliminary agreement in albuquerque,neutral,0.5151260495185852
rocket lab to celebrate chips act funding preliminary agreement in albuquerque,neutral,0.8879414200782776
rocket lab sets launch window for next capella space mission from launch complex 1,neutral,0.7904811501502991
rocket lab announces date of second quarter 2024 financial results,neutral,0.942173182964325
rocket labs electron rocket lands at the california science center,neutral,0.8964502215385437
the 5 space stocks investors need to watch,neutral,0.8684667348861694
rocket lab successfully launches 50th electron mission deploys satellites for kineis,neutral,0.7605104446411133
rocket lab signs record deal for 10 electron launches with synspective,positive,0.7598972916603088
rocket lab signs preliminary terms to receive up to 239m in funding under the chips act to expand production of semiconductors that power spacecraft,positive,0.6582531332969666
rocket lab sets launch date for 50th electron mission prepares to deploy five satellites for kineis,positive,0.5727766156196594
heres why rocket lab usa incs nasdaqrklb ceo compensation is the least of shareholders concerns,neutral,0.6171240210533142
rocket lab successfully completes second launch for nasa climate science mission,neutral,0.6979464292526245
rocket lab sets date for second nasa prefire launch,neutral,0.9355491399765015
rocket lab successfully launches first of two climate science satellites for nasa,neutral,0.8403695225715637
rocket lab usa first quarter 2024 earnings eps beats expectations revenues lag,positive,0.7682145833969116
rocket lab usa inc nasdaqrklb q1 2024 earnings call transcript,neutral,0.9310351610183716
rocket lab usa inc rklb q1 2024 earnings call transcript highlights soaring revenues and,neutral,0.610029935836792
rocket lab usa inc rklb q1 2024 earnings surpasses revenue forecasts,positive,0.6930127739906311
rocket lab completes archimedes engine build begins engine test campaign,neutral,0.9003767967224121
rocket lab selects subcontractors to support sda satellite constellation development,neutral,0.7353169322013855
rocket lab announces first quarter 2024 financial results reflecting yearonyear revenue growth of 69 sequential quarterly growth of 55 and continued growth in q2 2024,positive,0.5339829921722412
rocket lab prepares backtoback launches for climate change research mission for nasa,neutral,0.8507835268974304
firefly ceo sees enough demand for fully commercial lunar missions independent of nasa,neutral,0.9101952314376831
rocket lab usa inc nasdaqrklb surges 31 individual investors who own 32 shares profited along with institutions,neutral,0.9244870543479919
rocket lab successfully deploys satellites 500km apart to separate orbits for kaist and nasa,neutral,0.9337034225463867
rocket lab announces board change,neutral,0.7200748324394226
rocket lab selected by space systems command to build and launch spacecraft for tactically responsive space tacrs mission,neutral,0.8900348544120789
rocket lab returns previously flown electron to production line in preparation for first reflight,neutral,0.8151153326034546
us space force awards rocket lab launch contract for space test program stps30,positive,0.5653108954429626
rocket lab announces date of first quarter 2024 financial results,neutral,0.9417387843132019
rocket lab prepares to launch mission for kaist and nasa to deploy satellites to two separate orbits,neutral,0.9279669523239136
rocket lab successfully launches fifth national security mission for nro,neutral,0.8419208526611328
rocket lab successfully launches 45th electron mission 4th for longtime partner synspective,neutral,0.8550233244895935
viasat and rocket lab partner to showcase ondemand lowlatency data relay services for leo satellites,neutral,0.7230941653251648
rocket lab why the space sector is farreaching,neutral,0.9155236482620239
rocket lab usa inc nasdaqrklb annual results heres what analysts are forecasting for this year,neutral,0.7850178480148315
rocket lab usa inc rklb reports yearoveryear revenue growth and margin expansion,negative,0.8791437149047852
rocket lab unveils spacecraft bus lineup,neutral,0.8539351224899292
rocket lab announces fourth quarter and full year 2023 financial results issues guidance for the first quarter 2024 including sequential revenue growth greater than 50 percent,positive,0.8158581852912903
rocket lab successfully returns spacecraft capsule to earth brings back pharmaceuticals made in space,neutral,0.9123614430427551
rocket lab to launch nro mission from wallops virginia,neutral,0.8029357194900513
rocket lab schedules launch date for 45th electron mission to deploy earthimaging satellite for synspective,neutral,0.81560218334198
trinity capital inc provides 120 million equipment financing to rocket lab,neutral,0.6567747592926025
rocket lab successfully launches mission designed to investigate removing space junk from orbit,neutral,0.9193158149719238
rocket lab prepares to bring inspace manufacturing capsule back to earth for varda space industries,neutral,0.8183284401893616
rocket lab sets launch window for astroscale orbital debris inspection demonstration mission,neutral,0.9333166480064392
rocket lab announces closing of upsized offering of 355 million convertible senior notes,neutral,0.946350634098053
rocket lab announces pricing of upsized offering of 300 million convertible senior notes,neutral,0.9492788314819336
investing in the stars space economy stocks to buy avoid,neutral,0.9012794494628906
rocket lab announces proposed offering of 275 million convertible senior notes,neutral,0.9506537914276123
rocket lab announces preliminary fourth quarter 2023 financial results after successful launch for spire and northstar,neutral,0.8913909196853638
rocket lab successfully launches first electron mission of busy 2024 launch schedule,neutral,0.8600115776062012
rocket lab announces date of fourth quarter 2023 financial results,neutral,0.9427335262298584
rocket lab to present at upcoming conferences,neutral,0.850253701210022
rocket lab to launch space situational awareness mission for spire and northstar,neutral,0.783184289932251
rocket lab makes its defense prime debut with 05 billion contract to design and build satellite constellation for space development agency,neutral,0.5802091956138611
rocket lab to host discussion of government constellation award,neutral,0.9417343735694885
rocket lab coinbase bristol myerskaruna deal trending tickers,neutral,0.5784569382667542
rocket lab stock soars after winning us government contract,neutral,0.8363876938819885
