title,selftext,score,num_comments,url,cleaned_title,cleaned_selftext
"Overvalued Companies (PLTR, SHOP, CRWD)","
The market right now is filled with young companies reaching impressive highs and earning steep valuations. Each has its own story, and for investors, the challenge is finding the next Mag 7 or something close to it. 

Iâ€™m curious to hear your thoughts on which of these companies might have what it takes to rise to the top and why. Some examples Iâ€™m considering are PLTR, SHOP, CRWD, APP, RKLB, and a few others. I wasnâ€™t around during the early days of Amazon, Apple, and similar companies, but I imagine they also went through cycles of intense enthusiasm, stock price spikes, and corrections. Could we be seeing something similar play out with these names?",96,107,https://www.reddit.com/r/stocks/comments/1hblmf3/overvalued_companies_pltr_shop_crwd/,overvalued companies pltr shop crwd,the market right now is filled with young companies reaching impressive highs and earning steep valuations each has its own story and for investors the challenge is finding the next mag 7 or something close to it im curious to hear your thoughts on which of these companies might have what it takes to rise to the top and why some examples im considering are pltr shop crwd app rklb and a few others i wasnt around during the early days of amazon apple and similar companies but i imagine they also went through cycles of intense enthusiasm stock price spikes and corrections could we be seeing something similar play out with these names
(Nov 25 - Nov 29) Top eight mid-cap gainers: what other companies are you invested in?,"  
**These eight mid-cap stocks were the best performers in the last week. Are they in your portfolio?**



1. Archer Aviation Inc.(NYSE:ACHR) shares skyrocketed 65.57% last week.
2. Scholar Rock Holding Corporation(NASDAQ:SRRK) stock jumped 49.61% after rivalBiohaven Ltd.'s(NYSE:BHVN) taldefgrobep for spinal muscular atrophy failed its Phase 3 study.
3. Arrowhead Pharmaceuticals, Inc.(NASDAQ:ARWR) shares escalated 42.40% after it entered into a global licensing and collaboration agreement withSarepta Therapeutics Inc.(NASDAQ:SRPT) for multiple clinical and preclinical siRNA programs.
4. Iris Energy Limited(NASDAQ:IREN) stock surged 38.99% after the company reported first-quarter results and several analysts raised the price forecast on the stock.
5. Hims & Hers Health, Inc.(NYSE:HIMS) shares upped 33.42% in response to President-electDonald Trump'splans to nominateMarty Makaryto lead the Food and Drug Administration (FDA).
6. SoundHound AI, Inc.(NASDAQ:SOUN) stock grew 33.38%. The company recently announced the deployment of its conversational AI agent, Amelia, at Apivia Courtage as part of the AEMA Group.
7. Joby Aviation, Inc.'s(NYSE:JOBY) stock upped 31.62% afterToyota Motor Corp(NYSE:TM) invested half a billion dollars in it.
8. Urban Outfitters, Inc.(NASDAQ:URBN) shares increased 30.43% after the company reported third-quarter earnings and several analysts raised the price forecast on the stock.

**Also Read:**

* Rivian Automotive, Rocket Lab And Moderna Are Among Top 10 Large-Cap Gainers Last Week (Nov 25-Nov 29): Are The Others In Your Portfolio?
* Reddit, Grab And Autodesk Are Among Top 11 Large-Cap Losers Last Week (Nov 25-Nov 29): Are The Others In Your Portfolio?



[https://www.benzinga.com/news/mid-cap/24/12/42256932/archer-aviation-hims-hers-health-and-urban-outfitters-are-among-top-8-mid-cap-gainers-last-week-nov-25-nov-29-are-the-others-in-your-portfolio](https://www.benzinga.com/news/mid-cap/24/12/42256932/archer-aviation-hims-hers-health-and-urban-outfitters-are-among-top-8-mid-cap-gainers-last-week-nov-25-nov-29-are-the-others-in-your-portfolio)",28,3,https://www.reddit.com/r/stocks/comments/1h7dmj6/nov_25_nov_29_top_eight_midcap_gainers_what_other/,nov 25 nov 29 top eight midcap gainers what other companies are you invested in,these eight midcap stocks were the best performers in the last week are they in your portfolio 1 archer aviation incnyseachr shares skyrocketed 6557 last week 2 scholar rock holding corporationnasdaqsrrk stock jumped 4961 after rivalbiohaven ltdsnysebhvn taldefgrobep for spinal muscular atrophy failed its phase 3 study 3 arrowhead pharmaceuticals incnasdaqarwr shares escalated 4240 after it entered into a global licensing and collaboration agreement withsarepta therapeutics incnasdaqsrpt for multiple clinical and preclinical sirna programs 4 iris energy limitednasdaqiren stock surged 3899 after the company reported firstquarter results and several analysts raised the price forecast on the stock 5 hims hers health incnysehims shares upped 3342 in response to presidentelectdonald trumpsplans to nominatemarty makaryto lead the food and drug administration fda 6 soundhound ai incnasdaqsoun stock grew 3338 the company recently announced the deployment of its conversational ai agent amelia at apivia courtage as part of the aema group 7 joby aviation incsnysejoby stock upped 3162 aftertoyota motor corpnysetm invested half a billion dollars in it 8 urban outfitters incnasdaqurbn shares increased 3043 after the company reported thirdquarter earnings and several analysts raised the price forecast on the stock also read rivian automotive rocket lab and moderna are among top 10 largecap gainers last week nov 25nov 29 are the others in your portfolio reddit grab and autodesk are among top 11 largecap losers last week nov 25nov 29 are the others in your portfolio httpswwwbenzingacomnewsmidcap241242256932archeraviationhimshershealthandurbanoutfittersareamongtop8midcapgainerslastweeknov25nov29aretheothersinyourportfoliohttpswwwbenzingacomnewsmidcap241242256932archeraviationhimshershealthandurbanoutfittersareamongtop8midcapgainerslastweeknov25nov29aretheothersinyourportfolio
How Long Will You Keep DCA?,"Let's say you are doing DCA for stocks you have high convictions, such as NVDA, MSFT, AAPL, PLTR or RKLB.

And you are doing, say $200 per month or perhaps $500 every quarter (more or less, depending on your financial situations) per stock.

1) At what stage of the stock's life would you then decide to stop DCA? Especially for stocks like MSFT and AAPL that have been around for a long while?

2) Also, while you DCA, would you also sell your initial amount you bought? Or you'd let it ride?

3) What stocks are you guys DCA now?

Thank you folks! ğŸš€

",0,62,https://www.reddit.com/r/stocks/comments/1h7x3kr/how_long_will_you_keep_dca/,how long will you keep dca,lets say you are doing dca for stocks you have high convictions such as nvda msft aapl pltr or rklb and you are doing say 200 per month or perhaps 500 every quarter more or less depending on your financial situations per stock 1 at what stage of the stocks life would you then decide to stop dca especially for stocks like msft and aapl that have been around for a long while 2 also while you dca would you also sell your initial amount you bought or youd let it ride 3 what stocks are you guys dca now thank you folks
Name a large-cap stock and its small-cap competitor ,"I am always looking for small/mid-cap companies that have a similar business model or product as large cap competitors! 

Iâ€™ll start by naming a few (large-cap and small-cap) companies: 

- CRWD and S
- COST and BJ
- KR and SFM
- CMG and CAVA 
- MNST and CELH
- SBUX and BROS 
- Space X and RKLB (count it) 

I always love seeing the small caps slowly take a piece of the pie from the big boys. Itâ€™s what capitalism is all about. Especially fun to see when the little guy has a better product. I think this is the case for almost all of the companies I listed. If they arenâ€™t flat out better, they offer something slightly different, or are better in a certain way. 

These smaller cap stocks are obviously a bigger risk, since a lot of them still are not making money, but the growth is very appealing. 

Would love to hear some comparisons like this and an explanation as to why you think the smaller company is better, or will continue to grow. 

Appreciate any responses! The stock market is a wonderful place for some competition. 

Also, itâ€™s my cake-day!",177,110,https://www.reddit.com/r/stocks/comments/1h62rcf/name_a_largecap_stock_and_its_smallcap_competitor/,name a largecap stock and its smallcap competitor,i am always looking for smallmidcap companies that have a similar business model or product as large cap competitors ill start by naming a few largecap and smallcap companies crwd and s cost and bj kr and sfm cmg and cava mnst and celh sbux and bros space x and rklb count it i always love seeing the small caps slowly take a piece of the pie from the big boys its what capitalism is all about especially fun to see when the little guy has a better product i think this is the case for almost all of the companies i listed if they arent flat out better they offer something slightly different or are better in a certain way these smaller cap stocks are obviously a bigger risk since a lot of them still are not making money but the growth is very appealing would love to hear some comparisons like this and an explanation as to why you think the smaller company is better or will continue to grow appreciate any responses the stock market is a wonderful place for some competition also its my cakeday
"Overvalued Companies (PLTR, SHOP, CRWD)","
The market right now is filled with young companies reaching impressive highs and earning steep valuations. Each has its own story, and for investors, the challenge is finding the next Mag 7 or something close to it. 

Iâ€™m curious to hear your thoughts on which of these companies might have what it takes to rise to the top and why. Some examples Iâ€™m considering are PLTR, SHOP, CRWD, APP, RKLB, and a few others. I wasnâ€™t around during the early days of Amazon, Apple, and similar companies, but I imagine they also went through cycles of intense enthusiasm, stock price spikes, and corrections. Could we be seeing something similar play out with these names?",96,107,https://www.reddit.com/r/stocks/comments/1hblmf3/overvalued_companies_pltr_shop_crwd/,overvalued companies pltr shop crwd,the market right now is filled with young companies reaching impressive highs and earning steep valuations each has its own story and for investors the challenge is finding the next mag 7 or something close to it im curious to hear your thoughts on which of these companies might have what it takes to rise to the top and why some examples im considering are pltr shop crwd app rklb and a few others i wasnt around during the early days of amazon apple and similar companies but i imagine they also went through cycles of intense enthusiasm stock price spikes and corrections could we be seeing something similar play out with these names
How Long Will You Keep DCA?,"Let's say you are doing DCA for stocks you have high convictions, such as NVDA, MSFT, AAPL, PLTR or RKLB.

And you are doing, say $200 per month or perhaps $500 every quarter (more or less, depending on your financial situations) per stock.

1) At what stage of the stock's life would you then decide to stop DCA? Especially for stocks like MSFT and AAPL that have been around for a long while?

2) Also, while you DCA, would you also sell your initial amount you bought? Or you'd let it ride?

3) What stocks are you guys DCA now?

Thank you folks! ğŸš€

",0,62,https://www.reddit.com/r/stocks/comments/1h7x3kr/how_long_will_you_keep_dca/,how long will you keep dca,lets say you are doing dca for stocks you have high convictions such as nvda msft aapl pltr or rklb and you are doing say 200 per month or perhaps 500 every quarter more or less depending on your financial situations per stock 1 at what stage of the stocks life would you then decide to stop dca especially for stocks like msft and aapl that have been around for a long while 2 also while you dca would you also sell your initial amount you bought or youd let it ride 3 what stocks are you guys dca now thank you folks
(Nov 25 - Nov 29) Top eight mid-cap gainers: what other companies are you invested in?,"  
**These eight mid-cap stocks were the best performers in the last week. Are they in your portfolio?**



1. Archer Aviation Inc.(NYSE:ACHR) shares skyrocketed 65.57% last week.
2. Scholar Rock Holding Corporation(NASDAQ:SRRK) stock jumped 49.61% after rivalBiohaven Ltd.'s(NYSE:BHVN) taldefgrobep for spinal muscular atrophy failed its Phase 3 study.
3. Arrowhead Pharmaceuticals, Inc.(NASDAQ:ARWR) shares escalated 42.40% after it entered into a global licensing and collaboration agreement withSarepta Therapeutics Inc.(NASDAQ:SRPT) for multiple clinical and preclinical siRNA programs.
4. Iris Energy Limited(NASDAQ:IREN) stock surged 38.99% after the company reported first-quarter results and several analysts raised the price forecast on the stock.
5. Hims & Hers Health, Inc.(NYSE:HIMS) shares upped 33.42% in response to President-electDonald Trump'splans to nominateMarty Makaryto lead the Food and Drug Administration (FDA).
6. SoundHound AI, Inc.(NASDAQ:SOUN) stock grew 33.38%. The company recently announced the deployment of its conversational AI agent, Amelia, at Apivia Courtage as part of the AEMA Group.
7. Joby Aviation, Inc.'s(NYSE:JOBY) stock upped 31.62% afterToyota Motor Corp(NYSE:TM) invested half a billion dollars in it.
8. Urban Outfitters, Inc.(NASDAQ:URBN) shares increased 30.43% after the company reported third-quarter earnings and several analysts raised the price forecast on the stock.

**Also Read:**

* Rivian Automotive, Rocket Lab And Moderna Are Among Top 10 Large-Cap Gainers Last Week (Nov 25-Nov 29): Are The Others In Your Portfolio?
* Reddit, Grab And Autodesk Are Among Top 11 Large-Cap Losers Last Week (Nov 25-Nov 29): Are The Others In Your Portfolio?



[https://www.benzinga.com/news/mid-cap/24/12/42256932/archer-aviation-hims-hers-health-and-urban-outfitters-are-among-top-8-mid-cap-gainers-last-week-nov-25-nov-29-are-the-others-in-your-portfolio](https://www.benzinga.com/news/mid-cap/24/12/42256932/archer-aviation-hims-hers-health-and-urban-outfitters-are-among-top-8-mid-cap-gainers-last-week-nov-25-nov-29-are-the-others-in-your-portfolio)",26,3,https://www.reddit.com/r/stocks/comments/1h7dmj6/nov_25_nov_29_top_eight_midcap_gainers_what_other/,nov 25 nov 29 top eight midcap gainers what other companies are you invested in,these eight midcap stocks were the best performers in the last week are they in your portfolio 1 archer aviation incnyseachr shares skyrocketed 6557 last week 2 scholar rock holding corporationnasdaqsrrk stock jumped 4961 after rivalbiohaven ltdsnysebhvn taldefgrobep for spinal muscular atrophy failed its phase 3 study 3 arrowhead pharmaceuticals incnasdaqarwr shares escalated 4240 after it entered into a global licensing and collaboration agreement withsarepta therapeutics incnasdaqsrpt for multiple clinical and preclinical sirna programs 4 iris energy limitednasdaqiren stock surged 3899 after the company reported firstquarter results and several analysts raised the price forecast on the stock 5 hims hers health incnysehims shares upped 3342 in response to presidentelectdonald trumpsplans to nominatemarty makaryto lead the food and drug administration fda 6 soundhound ai incnasdaqsoun stock grew 3338 the company recently announced the deployment of its conversational ai agent amelia at apivia courtage as part of the aema group 7 joby aviation incsnysejoby stock upped 3162 aftertoyota motor corpnysetm invested half a billion dollars in it 8 urban outfitters incnasdaqurbn shares increased 3043 after the company reported thirdquarter earnings and several analysts raised the price forecast on the stock also read rivian automotive rocket lab and moderna are among top 10 largecap gainers last week nov 25nov 29 are the others in your portfolio reddit grab and autodesk are among top 11 largecap losers last week nov 25nov 29 are the others in your portfolio httpswwwbenzingacomnewsmidcap241242256932archeraviationhimshershealthandurbanoutfittersareamongtop8midcapgainerslastweeknov25nov29aretheothersinyourportfoliohttpswwwbenzingacomnewsmidcap241242256932archeraviationhimshershealthandurbanoutfittersareamongtop8midcapgainerslastweeknov25nov29aretheothersinyourportfolio
Name a large-cap stock and its small-cap competitor ,"I am always looking for small/mid-cap companies that have a similar business model or product as large cap competitors! 

Iâ€™ll start by naming a few (large-cap and small-cap) companies: 

- CRWD and S
- COST and BJ
- KR and SFM
- CMG and CAVA 
- MNST and CELH
- SBUX and BROS 
- Space X and RKLB (count it) 

I always love seeing the small caps slowly take a piece of the pie from the big boys. Itâ€™s what capitalism is all about. Especially fun to see when the little guy has a better product. I think this is the case for almost all of the companies I listed. If they arenâ€™t flat out better, they offer something slightly different, or are better in a certain way. 

These smaller cap stocks are obviously a bigger risk, since a lot of them still are not making money, but the growth is very appealing. 

Would love to hear some comparisons like this and an explanation as to why you think the smaller company is better, or will continue to grow. 

Appreciate any responses! The stock market is a wonderful place for some competition. 

Also, itâ€™s my cake-day!",183,110,https://www.reddit.com/r/stocks/comments/1h62rcf/name_a_largecap_stock_and_its_smallcap_competitor/,name a largecap stock and its smallcap competitor,i am always looking for smallmidcap companies that have a similar business model or product as large cap competitors ill start by naming a few largecap and smallcap companies crwd and s cost and bj kr and sfm cmg and cava mnst and celh sbux and bros space x and rklb count it i always love seeing the small caps slowly take a piece of the pie from the big boys its what capitalism is all about especially fun to see when the little guy has a better product i think this is the case for almost all of the companies i listed if they arent flat out better they offer something slightly different or are better in a certain way these smaller cap stocks are obviously a bigger risk since a lot of them still are not making money but the growth is very appealing would love to hear some comparisons like this and an explanation as to why you think the smaller company is better or will continue to grow appreciate any responses the stock market is a wonderful place for some competition also its my cakeday
What do we think about IOVA?,"Firstly congrats everyone on RKLB, ACHR and LUNR gains. It was fun ride, I have to be honest I had jumped off the wagon a bit earlier but hat off to all of you that mooned! 

Also for some of you that jumped on ZETA, enjoy the good days that await. 

But letâ€™s talk about IOVAâ€¦:

Another biopharma stock trying to solve the issues of cancer. An industry that is a Holy Grail for all pump and dumpers out here. 

But is this one different? To be honest I do not know, but that is why I am posting this. To hear other sides, other points of view. 

IOVA is currently sitting around $9. These are levels of before the this year run to $16 (what goes up must come down, when pumped and dumped). Howeverâ€¦ this company reported revenues, 90.86mil revenue to be precise. Granted, not enough to support current market cap but bear in mind it is bio industry we talk about. It takes 1 approval and it is too late.

Leadership:
CEO is there since 2016, seems like an experienced guy. Was contributor to many oncology drugs already developed and approved.

Others seem legit as well, this post is already too longâ€¦ feel free to research yourself.

They also own a bit less than 12% so there is certain commitment there.  And of course the vanguard, black rock etc. are heavily involved as well. More than 87% is owned by institutions. 

Amtagvi product got approved by FDA and that is now generating certain revenue. They plan tk get approval in Canada, Europe and UK as well. 

They also work on LN-145, IOV-4001 and IOV-3001 but letâ€™s be honest these are long shots and nothing guarantee success of these.

I know these are speculations and putting some numbers from the future is no way to go but I feel like I have to just to make this post a bit more complete.

Potential yearly revenue if approved broader and if nothing goes wrong  is 12billion (amount of people with cancer of specific type * cost of treatment) but realistic values at beginning is 1-2bill per year or even less. 

And then for all the gamblers time that with moon if other drugs get approved as well. 

Company with 90mil revenue and 80 million of debt with 2,8 billion market cap and 440 million of operating expenses. Company with future (on the moon or in the sand). Do you hate IOVA or you will become a bag holder? 

Please share your opinions.",0,18,https://www.reddit.com/r/stocks/comments/1h54hmj/what_do_we_think_about_iova/,what do we think about iova,firstly congrats everyone on rklb achr and lunr gains it was fun ride i have to be honest i had jumped off the wagon a bit earlier but hat off to all of you that mooned also for some of you that jumped on zeta enjoy the good days that await but lets talk about iova another biopharma stock trying to solve the issues of cancer an industry that is a holy grail for all pump and dumpers out here but is this one different to be honest i do not know but that is why i am posting this to hear other sides other points of view iova is currently sitting around 9 these are levels of before the this year run to 16 what goes up must come down when pumped and dumped however this company reported revenues 9086mil revenue to be precise granted not enough to support current market cap but bear in mind it is bio industry we talk about it takes 1 approval and it is too late leadership ceo is there since 2016 seems like an experienced guy was contributor to many oncology drugs already developed and approved others seem legit as well this post is already too long feel free to research yourself they also own a bit less than 12 so there is certain commitment there and of course the vanguard black rock etc are heavily involved as well more than 87 is owned by institutions amtagvi product got approved by fda and that is now generating certain revenue they plan tk get approval in canada europe and uk as well they also work on ln145 iov4001 and iov3001 but lets be honest these are long shots and nothing guarantee success of these i know these are speculations and putting some numbers from the future is no way to go but i feel like i have to just to make this post a bit more complete potential yearly revenue if approved broader and if nothing goes wrong is 12billion amount of people with cancer of specific type cost of treatment but realistic values at beginning is 12bill per year or even less and then for all the gamblers time that with moon if other drugs get approved as well company with 90mil revenue and 80 million of debt with 28 billion market cap and 440 million of operating expenses company with future on the moon or in the sand do you hate iova or you will become a bag holder please share your opinions
Is anyone else a little concerned about this market jump up?,"Listen, I get that it seems like clear skies and rainbows, and Iâ€™m not really a â€œbearishâ€ type investor, but sometimes I find it good practice to sit back for a moment and just reevaluate the current situation weâ€™re in.

Iâ€™ll give an example that pertains to me. Iâ€™m currently invested in Sofi, PLTR, and RKLB, so this has been an incredible year for me. But looking back, itâ€™s starting to really feel like total and utter exuberance again like 2021. YouTube videos and subreddits have been saying over and over how this is only the beginning and weâ€™re going to be at 500 next year. Thatâ€™s exactly the type of shit that was said in 2021 right before every small cap stock tanked like 70%. 

Iâ€™m not saying itâ€™s a time to sell, I would personally prescribe to the â€œitâ€™s time to slow down on how much I investâ€ currently. Buying RKlb at 27$ or PLTR at 66$ is not the same opportunity as in the 4-7$ range as it used to be. It seems very difficult to find any good deals, considering literally almost every sector in the stock market is just going up vertically. And just remember, just it is a great company doesnâ€™t always mean itâ€™s currently a good price to buy it. Sometimes itâ€™s good to take the foot off the breaks when stocks going up 300%+ in one year.

But hey what do I know. Just be careful out there folks, and donâ€™t get sucked too hard into the FOMO. Be fearful when everyone else is greedy and all that jazz.",556,457,https://www.reddit.com/r/stocks/comments/1h49py3/is_anyone_else_a_little_concerned_about_this/,is anyone else a little concerned about this market jump up,listen i get that it seems like clear skies and rainbows and im not really a bearish type investor but sometimes i find it good practice to sit back for a moment and just reevaluate the current situation were in ill give an example that pertains to me im currently invested in sofi pltr and rklb so this has been an incredible year for me but looking back its starting to really feel like total and utter exuberance again like 2021 youtube videos and subreddits have been saying over and over how this is only the beginning and were going to be at 500 next year thats exactly the type of shit that was said in 2021 right before every small cap stock tanked like 70 im not saying its a time to sell i would personally prescribe to the its time to slow down on how much i invest currently buying rklb at 27 or pltr at 66 is not the same opportunity as in the 47 range as it used to be it seems very difficult to find any good deals considering literally almost every sector in the stock market is just going up vertically and just remember just it is a great company doesnt always mean its currently a good price to buy it sometimes its good to take the foot off the breaks when stocks going up 300 in one year but hey what do i know just be careful out there folks and dont get sucked too hard into the fomo be fearful when everyone else is greedy and all that jazz
How we feeling about RKLB,"Pretty significant climb over the last few weeks. 305% YTD. Solid sales at $105 million. A couple rocket launches and itâ€™s looking like weâ€™re getting a Neutron launch in 2025.  

Right now the price is floating around $25/share. Pretty big jump fairly quickly, leaning towards â€œoverboughtâ€. Not sure if we should expect the price to climb any higher in the following weeks or if itâ€™ll balance out around $20/share. But I feel pretty confident in this company and expect solid growth in the years to come. 

Howâ€™s everybody else been feeling about RKLB recently?",316,271,https://www.reddit.com/r/stocks/comments/1h0mrvn/how_we_feeling_about_rklb/,how we feeling about rklb,pretty significant climb over the last few weeks 305 ytd solid sales at 105 million a couple rocket launches and its looking like were getting a neutron launch in 2025 right now the price is floating around 25share pretty big jump fairly quickly leaning towards overbought not sure if we should expect the price to climb any higher in the following weeks or if itll balance out around 20share but i feel pretty confident in this company and expect solid growth in the years to come hows everybody else been feeling about rklb recently
MDA Space blowing up by yearâ€™s end (contract incoming),"All this hype with RKLB, LUNR, and RDW and no-one is mentioning MDA (mktcap - 3.2b CAD). Yeah I know it mainly trades on Toronto but just get a broker that supports Toronto, eg IBKR. Theyâ€™re planning to list on US soon but by then it will probably already have taken off...

Their earnings report was stellar: growth of 38% yoy, it is actuallyÂ **PROFITABLE**Â \- none of the other space companies are profitable - profitability with adjusted EBITDA of $55.5 million, up 30% YoY, and adjusted EBITDA margin of 19.7%, net income up 60% yoy, and net debt adjusted EBITDA ratio of just 0.8x (so zero risk of dilution). However, post earnings the stock was mostly flat. Why? Their reported backlog was unchanged from previous quarter report (backlog is 4.6B btw).

But if any of you folks had bothered to tune in to the call, you would have heard the CEO say that it is a fact that by year end they will beÂ **definitely be signing a new contract worth 750M**Â â€“ of these, only 300M is recorded in backlog â€“ a**n additional $450M is going to be added**Â upon finalization and t**his will happen by yearâ€™s end.**Â They in fact stated during the Q&A that they are confident they will be finishing 2024 with $5B backlog. They also said MDAâ€™s satellite systems division alone has a $**15B+ pipeline**Â of potential projects, thanks to its Aurora-class satellites tailored for low Earth orbit (LEO) constellations.

Still not convinced? Consider:

\> MDA is building a new 185,000 sq. ft. facility in Quebec,Â **capable of producing two satellites per day**Â starting in late 2025.

\>Planet labs is currently generating about 200million in revenue per year. MDAâ€™s geointelligence segment is also generating about 200million in revenue per year. However, MDAâ€™s geo segment representsÂ **only about 20%**Â of MDAâ€™s total revenue. PLâ€™s marketcap is currently almostÂ **1B**. MDA is 3.1 CAD =Â **2.2B USD**. Oh, and PL is currently operating at a loss (though that might change next report) but MDA is running a profit. Based on this fact alone, MDAâ€™s mkt cap should be at least double than what it is.

Â ",138,113,https://www.reddit.com/r/stocks/comments/1gz0kgz/mda_space_blowing_up_by_years_end_contract/,mda space blowing up by years end contract incoming,all this hype with rklb lunr and rdw and noone is mentioning mda mktcap 32b cad yeah i know it mainly trades on toronto but just get a broker that supports toronto eg ibkr theyre planning to list on us soon but by then it will probably already have taken off their earnings report was stellar growth of 38 yoy it is actually profitable none of the other space companies are profitable profitability with adjusted ebitda of 555 million up 30 yoy and adjusted ebitda margin of 197 net income up 60 yoy and net debt adjusted ebitda ratio of just 08x so zero risk of dilution however post earnings the stock was mostly flat why their reported backlog was unchanged from previous quarter report backlog is 46b btw but if any of you folks had bothered to tune in to the call you would have heard the ceo say that it is a fact that by year end they will be definitely be signing a new contract worth 750m of these only 300m is recorded in backlog an additional 450m is going to be added upon finalization and this will happen by years end they in fact stated during the qa that they are confident they will be finishing 2024 with 5b backlog they also said mdas satellite systems division alone has a 15b pipeline of potential projects thanks to its auroraclass satellites tailored for low earth orbit leo constellations still not convinced consider mda is building a new 185000 sq ft facility in quebec capable of producing two satellites per day starting in late 2025 planet labs is currently generating about 200million in revenue per year mdas geointelligence segment is also generating about 200million in revenue per year however mdas geo segment represents only about 20 of mdas total revenue pls marketcap is currently almost 1b mda is 31 cad 22b usd oh and pl is currently operating at a loss though that might change next report but mda is running a profit based on this fact alone mdas mkt cap should be at least double than what it is
Thoughts and dilemma on Rocket Lab? ,"I went into Rocket Lab back in July with the intention of making it my primary long-term growth stock and since then have managed to acquire 440 shares at average price of around $9.  

My intention was/is to keep buying and hold the stock for many many years, because I truly believe in the company potential and the overall space industry and I believe that it will be a key growth sector for the next decade and beyond regardless of who is in power in the US. (I am not american btw)

Just before the election I was in profit in the low thousands, which was nice but since the election I am now sitting at a profit of 147%, which is my best position in my investing ""career"" so far. 

Like I said, I believe the company will do well regardless of who is in power. However, given the fast rise since the election I am expecting correction happening soon. 

And my dilemma is: should exit now and take the profits and then go back in after the correction? Or should I just hold until the potential correction and start buying more then? 

What would you do in my situation?",148,188,https://www.reddit.com/r/stocks/comments/1gx7ofy/thoughts_and_dilemma_on_rocket_lab/,thoughts and dilemma on rocket lab,i went into rocket lab back in july with the intention of making it my primary longterm growth stock and since then have managed to acquire 440 shares at average price of around 9 my intention wasis to keep buying and hold the stock for many many years because i truly believe in the company potential and the overall space industry and i believe that it will be a key growth sector for the next decade and beyond regardless of who is in power in the us i am not american btw just before the election i was in profit in the low thousands which was nice but since the election i am now sitting at a profit of 147 which is my best position in my investing career so far like i said i believe the company will do well regardless of who is in power however given the fast rise since the election i am expecting correction happening soon and my dilemma is should exit now and take the profits and then go back in after the correction or should i just hold until the potential correction and start buying more then what would you do in my situation
"Rocket Lab Announces Third Quarter 2024 Financial Results, Posts 55% Year-on-Year Growth and Guides to Record Revenue in Q4","[https://investors.rocketlabusa.com/news/news-details/2024/Rocket-Lab-Announces-Third-Quarter-2024-Financial-Results-Posts-55-Year-on-Year-Growth-and-Guides-to-Record-Revenue-in-Q4/](https://investors.rocketlabusa.com/news/news-details/2024/Rocket-Lab-Announces-Third-Quarter-2024-Financial-Results-Posts-55-Year-on-Year-Growth-and-Guides-to-Record-Revenue-in-Q4/)

Rocket Lab founder and CEO, Sir Peter Beck, said: â€œIn the third quarter 2024 we once again executed against our end-to-end space strategy with successes and key achievements reached across small and medium launch, as well as space systems. Revenue grew 55% year-on-year to $105 million and we continue to see strong demand growth with our backlog at $1.05 billion. Significant achievements for the quarter included signing a launch service agreement for multiple launches on Neutron with a confidential commercial satellite constellation customer; successfully launching twelve Electron launches year-to-date, making 2024 a record year for launches with more still to come; signing $55 million in new Electron launches, further cementing Electronâ€™s position as a global launch leader; and being selected by NASA to complete a study contract for a proposal to retrieve samples from Mars and return them to Earth as part of a world-first mission. We expect to close out the year strongly with more Electron launches scheduled in November and December, alongside continued progress across Neutron and space systems, that is behind our guidance for a record $125-$135 million revenue quarter in Q4.â€

**Business Highlights for the Third Quarter 2024, plus updates since September 30, 2024.**

**Electron:**

* Achieved a new annual launch record of 12 Electron launches to date, with more scheduled across November and December 2024. Electron is the worldâ€™s third most-frequently launched rocket annually by vehicle type and remains the United Statesâ€™ second most-frequently launched rocket annually.
* Signed several new Electron launch contracts in Q3 2024 with a total value of $55m, demonstrating an increased average selling price of $8.4m and showcasing a 67% pricing increase since the rocketâ€™s debut launch.
* Successful Electron launches for three separate commercial satellite constellation operators in Q3, including two missions launched within just eight days. In addition to these, Electronâ€™s most recent mission, launched in the fourth quarter on November 5Â ^(th)Â , 2024, included an expedited turnaround of just 10 weeks between contract signing and launch.

**Neutron:**

* Signed a launch service agreement for multiple launches on Neutron with a confidential commercial satellite constellation operator that signifies the beginning of a productive collaboration that could see Neutron deploy the entire constellation.
* Announced a federal defense contract that supports Neutron and the development of its Archimedes engine with the U.S. Air Forceâ€™s Research Laboratory.
* Doubled engine testing cadence for Archimedes over the quarter at Rocket Labâ€™s engine test site in Mississippi, alongside strong production execution at the Companyâ€™s Engine Development Complex in California which included multiple engines manufactured, assembled, and shipped for engine testing.
* Significant progress made across Neutronâ€™s structures and infrastructure, including the completion of construction on the rocketâ€™s Assembly, Integration, and Test (A.I.T.) facility in Virginia.
* Well-positioned to on-ramp to the U.S. Space Forceâ€™s National Security Space Launch (NSSL) Lane 1 program, which began accepting proposals in November 2024 to on-ramp new launch providers to an indefinite delivery indefinite quantity (IDIQ) contract valued at $5.6 billion over a five-year period.

**Space Systems:**

* Completed production and delivery of two spacecraft on time and on budget for NASAâ€™s ESCAPADE mission to Mars.
* Selected by NASA to complete a study contract for a proposal to retrieve samples from Mars and return them to Earth, a first-of-its-kind mission.
* Completed two new spacecraft for Varda Space Industries to conduct the 2Â ^(nd)Â and 3Â ^(rd)Â missions to return in-space manufacturing capsules to Earth.
* Executed on schedule against the Companyâ€™s $515 million prime contract with the Space Development Agency to build 18 spacecraft for its Tranche 2 Transport Layer program.",344,106,https://www.reddit.com/r/stocks/comments/1gpvw9b/rocket_lab_announces_third_quarter_2024_financial/,rocket lab announces third quarter 2024 financial results posts 55 yearonyear growth and guides to record revenue in q4,httpsinvestorsrocketlabusacomnewsnewsdetails2024rocketlabannouncesthirdquarter2024financialresultsposts55yearonyeargrowthandguidestorecordrevenueinq4httpsinvestorsrocketlabusacomnewsnewsdetails2024rocketlabannouncesthirdquarter2024financialresultsposts55yearonyeargrowthandguidestorecordrevenueinq4 rocket lab founder and ceo sir peter beck said in the third quarter 2024 we once again executed against our endtoend space strategy with successes and key achievements reached across small and medium launch as well as space systems revenue grew 55 yearonyear to 105 million and we continue to see strong demand growth with our backlog at 105 billion significant achievements for the quarter included signing a launch service agreement for multiple launches on neutron with a confidential commercial satellite constellation customer successfully launching twelve electron launches yeartodate making 2024 a record year for launches with more still to come signing 55 million in new electron launches further cementing electrons position as a global launch leader and being selected by nasa to complete a study contract for a proposal to retrieve samples from mars and return them to earth as part of a worldfirst mission we expect to close out the year strongly with more electron launches scheduled in november and december alongside continued progress across neutron and space systems that is behind our guidance for a record 125135 million revenue quarter in q4 business highlights for the third quarter 2024 plus updates since september 30 2024 electron achieved a new annual launch record of 12 electron launches to date with more scheduled across november and december 2024 electron is the worlds third mostfrequently launched rocket annually by vehicle type and remains the united states second mostfrequently launched rocket annually signed several new electron launch contracts in q3 2024 with a total value of 55m demonstrating an increased average selling price of 84m and showcasing a 67 pricing increase since the rockets debut launch successful electron launches for three separate commercial satellite constellation operators in q3 including two missions launched within just eight days in addition to these electrons most recent mission launched in the fourth quarter on november 5 th 2024 included an expedited turnaround of just 10 weeks between contract signing and launch neutron signed a launch service agreement for multiple launches on neutron with a confidential commercial satellite constellation operator that signifies the beginning of a productive collaboration that could see neutron deploy the entire constellation announced a federal defense contract that supports neutron and the development of its archimedes engine with the us air forces research laboratory doubled engine testing cadence for archimedes over the quarter at rocket labs engine test site in mississippi alongside strong production execution at the companys engine development complex in california which included multiple engines manufactured assembled and shipped for engine testing significant progress made across neutrons structures and infrastructure including the completion of construction on the rockets assembly integration and test ait facility in virginia wellpositioned to onramp to the us space forces national security space launch nssl lane 1 program which began accepting proposals in november 2024 to onramp new launch providers to an indefinite delivery indefinite quantity idiq contract valued at 56 billion over a fiveyear period space systems completed production and delivery of two spacecraft on time and on budget for nasas escapade mission to mars selected by nasa to complete a study contract for a proposal to retrieve samples from mars and return them to earth a firstofitskind mission completed two new spacecraft for varda space industries to conduct the 2 nd and 3 rd missions to return inspace manufacturing capsules to earth executed on schedule against the companys 515 million prime contract with the space development agency to build 18 spacecraft for its tranche 2 transport layer program
Why did only this long call go down in price at market close today?,"I have 100 RKLB June 20, 2025 calls @$15 that shot down 18% at market close, but every other call at $12-16 is still up like 5-8%. Why did only these calls lose so much value? What kinds of things affect that? A little new to options so confused why that is.

Also, if I really believe in this stock and that the calls will pay, should I be buying the ""dip""? 

Would love to hear anyone's thoughts or experience",0,5,https://www.reddit.com/r/stocks/comments/1gf42ud/why_did_only_this_long_call_go_down_in_price_at/,why did only this long call go down in price at market close today,i have 100 rklb june 20 2025 calls 15 that shot down 18 at market close but every other call at 1216 is still up like 58 why did only these calls lose so much value what kinds of things affect that a little new to options so confused why that is also if i really believe in this stock and that the calls will pay should i be buying the dip would love to hear anyones thoughts or experience
I compiled a list of all 190 stocks and funds from the September 2024 Quarterly Thread,"Hey, I did this for myself, but figured it would also be nice for others to check out - I hope it's useful!



**List of 190 stocks and funds:**

* **AMZN**Â (Amazon.com Inc.)
* [**AP-UN.TO**](http://AP-UN.TO)Â (Allied Properties Real Estate Investment Trust)
* [**ATD.TO**](http://ATD.TO)Â (Alimentation Couche-Tard Inc.)
* [**BAM.TO**](http://BAM.TO)Â (Brookfield Asset Management Inc.)
* [**EQB.TO**](http://EQB.TO)Â (Equitable Group Inc.)
* **GOOG**Â (Alphabet Inc.)
* **MSFT**Â (Microsoft Corporation)
* **V**Â (Visa Inc.)
* **Semiconductor ETF**Â (e.g.,Â **SMH**Â - VanEck Semiconductor ETF)
* **RTX**Â (RTX Corporation)
* **XLK**Â (Technology Select Sector SPDR Fund)
* **COST**Â (Costco Wholesale Corporation)
* **O**Â (Realty Income Corporation)
* **QQQM**Â (Invesco NASDAQ 100 ETF)
* **AIA**Â (iShares Asia 50 ETF)
* **XLE**Â (Energy Select Sector SPDR Fund)
* **INTC**Â (Intel Corporation)
* **DLR**Â (Digital Realty Trust Inc.)
* **TGT**Â (Target Corporation)
* **RIVN**Â (Rivian Automotive Inc.)
* **TCEHY**Â (Tencent Holdings Ltd.)
* **KR**Â (The Kroger Co.)
* **PGJ**Â (Invesco Golden Dragon China ETF)
* **IBIT**Â (iShares Bitcoin Trust ETF)
* **KPOP**Â (KPOP and Korean Entertainment ETF)
* **BBWI**Â (Bath & Body Works Inc.)
* **AAPL**Â (Apple Inc.)
* **NET**Â (Cloudflare Inc.)
* **NVO**Â (Novo Nordisk A/S)
* **VKTX**Â (Viking Therapeutics Inc.)
* **PLTR**Â (Palantir Technologies Inc.)
* **SOFI**Â (SoFi Technologies Inc.)
* **BRK.B**Â (Berkshire Hathaway Inc. Class B)
* **C**Â (Citigroup Inc.)
* **USB**Â (U.S. Bancorp)
* **TFC**Â (Truist Financial Corporation)
* **SCHG**Â (Schwab U.S. Large-Cap Growth ETF)
* **SCHD**Â (Schwab U.S. Dividend Equity ETF)
* **PSCI**Â (Invesco S&P SmallCap Industrials ETF)
* **SCHE**Â (Schwab Emerging Markets Equity ETF)
* **IWM**Â (iShares Russell 2000 ETF)
* **SCHF**Â (Schwab International Equity ETF)
* **UTG**Â (Reaves Utility Income Fund)
* **VOO**Â (Vanguard S&P 500 ETF)
* **VXUS**Â (Vanguard Total International Stock ETF)
* **VZ**Â (Verizon Communications Inc.)
* **PG**Â (The Procter & Gamble Company)
* **KO**Â (The Coca-Cola Company)
* **JNJ**Â (Johnson & Johnson)
* **VUAA.L**Â (Vanguard S&P 500 UCITS ETF)
* **WM**Â (Waste Management Inc.)
* **USPY.L**Â (First Trust NASDAQ Cybersecurity UCITS ETF)
* **SanLorenzo**Â (Sanlorenzo S.p.A.)
* **ORLY**Â (O'Reilly Automotive Inc.)
* **EVO**Â (Evolution AB)
* [**CSU.TO**](http://CSU.TO)Â (Constellation Software Inc.)
* **KNSL**Â (Kinsale Capital Group Inc.)
* [**RMS.PA**](http://RMS.PA)Â (HermÃ¨s International SCA)
* **NORBIT**Â (Norbit ASA)
* [**PDX.ST**](http://PDX.ST)Â (Paradox Interactive AB)
* **TOI.V**Â (Topicus.com Inc.)
* **AQ**Â (AQ Group AB)
* **NCAB**Â (NCAB Group AB)
* **AMD**Â (Advanced Micro Devices Inc.)
* **CRWD**Â (CrowdStrike Holdings Inc.)
* **ORCL**Â (Oracle Corporation)
* **ABNB**Â (Airbnb Inc.)
* **XOM**Â (Exxon Mobil Corporation)
* **SNOW**Â (Snowflake Inc.)
* **TT**Â (Trane Technologies plc)
* **INTC**Â (Intel Corporation)
* **BMW**Â (Bayerische Motoren Werke AG)
* **NVDA**Â (NVIDIA Corporation)
* **LRCX**Â (Lam Research Corporation)
* **MSTR**Â (MicroStrategy Incorporated)
* **TSLA**Â (Tesla Inc.)
* **KNPAX**Â (Kopernik Global All-Cap Fund)
* **KNPCX**
* **WMFFX**Â (William Blair Mid Cap Growth Fund)
* **JMUEX**Â (JPMorgan U.S. Equity Fund)
* **TROSX**Â (T. Rowe Price Overseas Stock Fund)
* **TRBCX**Â (T. Rowe Price Blue Chip Growth Fund)
* **LQDA**Â (Liquidia Corporation)
* **PM**Â (Philip Morris International Inc.)
* **MDT**Â (Medtronic plc)
* **SYK**Â (Stryker Corporation)
* **NMIH**Â (NMI Holdings Inc.)
* **CCEC**
* **FRMO**Â (FRMO Corporation)
* **EBAY**Â (eBay Inc.)
* **VNOM**Â (Viper Energy Partners LP)
* **CARR**Â (Carrier Global Corporation)
* **GGN**Â (GAMCO Global Gold, Natural Resources & Income Trust)
* **IFN**Â (The India Fund Inc.)
* **RCG**Â (Renn Fund Inc.)
* **SPLG**Â (SPDR Portfolio S&P 500 ETF)
* **QQEW**Â (First Trust NASDAQ-100 Equal Weighted Index Fund)
* **ETH**Â (Ethereum)
* **BTC**Â (Bitcoin)
* **VWO**Â (Vanguard FTSE Emerging Markets ETF)
* **VEA**Â (Vanguard FTSE Developed Markets ETF)
* **BND**Â (Vanguard Total Bond Market ETF)
* **VTI**Â (Vanguard Total Stock Market ETF)
* **BBY**Â (Best Buy Co. Inc.)
* **DB**Â (Deutsche Bank AG)
* **LXU**Â (LSB Industries Inc.)
* **PINS**Â (Pinterest Inc.)
* **SPOT**Â (Spotify Technology S.A.)
* **WMT**Â (Walmart Inc.)
* **NCA**Â (Nuveen California Municipal Value Fund)
* **PZC**Â (PIMCO California Municipal Income Fund III)
* **LMT**Â (Lockheed Martin Corporation)
* **IGC**Â (India Globalization Capital Inc.)
* **TSM**Â (Taiwan Semiconductor Manufacturing Company Ltd.)
* **TMO**Â (Thermo Fisher Scientific Inc.)
* **CAT**Â (Caterpillar Inc.)
* **VIG**Â (Vanguard Dividend Appreciation ETF)
* **MSOS**Â (AdvisorShares Pure US Cannabis ETF)
* **MGC**Â (Vanguard Mega Cap ETF)
* **VGT**Â (Vanguard Information Technology ETF)
* **PYPL**Â (PayPal Holdings Inc.)
* **META**Â (Meta Platforms Inc.)
* **SHOP**Â (Shopify Inc.)
* **MA**Â (Mastercard Incorporated)
* **AXP**Â (American Express Company)
* **UNH**Â (UnitedHealth Group Incorporated)
* **NFLX**Â (Netflix Inc.)
* **ARKG**Â (ARK Genomic Revolution ETF)
* **ICLN**Â (iShares Global Clean Energy ETF)
* **ENPH**Â (Enphase Energy Inc.)
* **PTON**Â (Peloton Interactive Inc.)
* **BKNG**Â (Booking Holdings Inc.)
* **LLY**Â (Eli Lilly and Company)
* **ASTS**Â (AST SpaceMobile Inc.)
* **LIN**Â (Linde plc)
* **VRT**Â (Vertiv Holdings Co.)
* **DUK**Â (Duke Energy Corporation)
* **SOUN**Â (SoundHound AI Inc.)
* **EA**Â (Electronic Arts Inc.)
* **NKE**Â (NIKE Inc.)
* **MCD**Â (McDonald's Corporation)
* **ALT**Â (Altimmune Inc.)
* **CRM**Â (Salesforce Inc.)
* **CMG**Â (Chipotle Mexican Grill Inc.)
* **INTU**Â (Intuit Inc.)
* **VCSH**Â (Vanguard Short-Term Corporate Bond ETF)
* **XLF**Â (Financial Select Sector SPDR Fund)
* **SCHD**Â (Schwab U.S. Dividend Equity ETF)
* **SCHG**Â (Schwab U.S. Large-Cap Growth ETF)
* **LULU**Â (Lululemon Athletica Inc.)
* **IBKR**Â (Interactive Brokers Group Inc.)
* **BABA**Â (Alibaba Group Holding Limited)
* **VALE**Â (Vale S.A.)
* **FF**Â (FutureFuel Corp.)
* **AMR**Â (Alpha Metallurgical Resources Inc.)
* **NXT**Â (NexTier Oilfield Solutions Inc.)
* **MTCH**Â (Match Group Inc.)
* **BMBL**Â (Bumble Inc.)
* **EVVTY**Â (Evolution AB)
* **GAMB**Â (Gambling.com Group Limited)
* **GCT**Â (GigaCloud Technology Inc.)
* **PAYC**Â (Paycom Software Inc.)
* **IMXI**Â (International Money Express Inc.)
* **LRN**Â (Stride Inc.)
* **PRDO**Â (Perdoceo Education Corporation)
* **UPWK**Â (Upwork Inc.)
* **SD**Â (SandRidge Energy Inc.)
* **STNE**Â (StoneCo Ltd.)
* **OPRA**Â (Opera Limited)
* **KHC**Â (The Kraft Heinz Company)
* **PBR.A**Â (PetrÃ³leo Brasileiro S.A. - Petrobras)
* **CRESY**Â (Cresud Sociedad AnÃ³nima Comercial, Inmobiliaria, Financiera y Agropecuaria)
* **BMA**Â (Banco Macro S.A.)
* **BAP**Â (Credicorp Ltd.)
* **OHI**Â (Omega Healthcare Investors Inc.)
* **FNGU**Â (MicroSectors FANG+ Index 3X Leveraged ETN)
* **RKLB**Â (Rocket Lab USA Inc.)
* **SPYU**
* **PLTR**Â (Palantir Technologies Inc.)
* **ARM**Â (Arm Holdings plc)
* **ADBE**Â (Adobe Inc.)
* **ENPH**Â (Enphase Energy Inc.)
* **PANW**Â (Palo Alto Networks Inc.)
* **BA**Â (The Boeing Company)
* **AMD**Â (Advanced Micro Devices Inc.)
* **CRWD**Â (CrowdStrike Holdings Inc.)
* **SNOW**Â (Snowflake Inc.)
* **PL**Â (Planet Labs PBC)
* **LUNR**Â (Intuitive Machines Inc.)
* **MU**Â (Micron Technology Inc.)",0,14,https://www.reddit.com/r/stocks/comments/1g8915h/i_compiled_a_list_of_all_190_stocks_and_funds/,i compiled a list of all 190 stocks and funds from the september 2024 quarterly thread,hey i did this for myself but figured it would also be nice for others to check out i hope its useful list of 190 stocks and funds amzn amazoncom inc apuntohttpapunto allied properties real estate investment trust atdtohttpatdto alimentation couchetard inc bamtohttpbamto brookfield asset management inc eqbtohttpeqbto equitable group inc goog alphabet inc msft microsoft corporation v visa inc semiconductor etf eg smh vaneck semiconductor etf rtx rtx corporation xlk technology select sector spdr fund cost costco wholesale corporation o realty income corporation qqqm invesco nasdaq 100 etf aia ishares asia 50 etf xle energy select sector spdr fund intc intel corporation dlr digital realty trust inc tgt target corporation rivn rivian automotive inc tcehy tencent holdings ltd kr the kroger co pgj invesco golden dragon china etf ibit ishares bitcoin trust etf kpop kpop and korean entertainment etf bbwi bath body works inc aapl apple inc net cloudflare inc nvo novo nordisk as vktx viking therapeutics inc pltr palantir technologies inc sofi sofi technologies inc brkb berkshire hathaway inc class b c citigroup inc usb us bancorp tfc truist financial corporation schg schwab us largecap growth etf schd schwab us dividend equity etf psci invesco sp smallcap industrials etf sche schwab emerging markets equity etf iwm ishares russell 2000 etf schf schwab international equity etf utg reaves utility income fund voo vanguard sp 500 etf vxus vanguard total international stock etf vz verizon communications inc pg the procter gamble company ko the cocacola company jnj johnson johnson vuaal vanguard sp 500 ucits etf wm waste management inc uspyl first trust nasdaq cybersecurity ucits etf sanlorenzo sanlorenzo spa orly oreilly automotive inc evo evolution ab csutohttpcsuto constellation software inc knsl kinsale capital group inc rmspahttprmspa herms international sca norbit norbit asa pdxsthttppdxst paradox interactive ab toiv topicuscom inc aq aq group ab ncab ncab group ab amd advanced micro devices inc crwd crowdstrike holdings inc orcl oracle corporation abnb airbnb inc xom exxon mobil corporation snow snowflake inc tt trane technologies plc intc intel corporation bmw bayerische motoren werke ag nvda nvidia corporation lrcx lam research corporation mstr microstrategy incorporated tsla tesla inc knpax kopernik global allcap fund knpcx wmffx william blair mid cap growth fund jmuex jpmorgan us equity fund trosx t rowe price overseas stock fund trbcx t rowe price blue chip growth fund lqda liquidia corporation pm philip morris international inc mdt medtronic plc syk stryker corporation nmih nmi holdings inc ccec frmo frmo corporation ebay ebay inc vnom viper energy partners lp carr carrier global corporation ggn gamco global gold natural resources income trust ifn the india fund inc rcg renn fund inc splg spdr portfolio sp 500 etf qqew first trust nasdaq100 equal weighted index fund eth ethereum btc bitcoin vwo vanguard ftse emerging markets etf vea vanguard ftse developed markets etf bnd vanguard total bond market etf vti vanguard total stock market etf bby best buy co inc db deutsche bank ag lxu lsb industries inc pins pinterest inc spot spotify technology sa wmt walmart inc nca nuveen california municipal value fund pzc pimco california municipal income fund iii lmt lockheed martin corporation igc india globalization capital inc tsm taiwan semiconductor manufacturing company ltd tmo thermo fisher scientific inc cat caterpillar inc vig vanguard dividend appreciation etf msos advisorshares pure us cannabis etf mgc vanguard mega cap etf vgt vanguard information technology etf pypl paypal holdings inc meta meta platforms inc shop shopify inc ma mastercard incorporated axp american express company unh unitedhealth group incorporated nflx netflix inc arkg ark genomic revolution etf icln ishares global clean energy etf enph enphase energy inc pton peloton interactive inc bkng booking holdings inc lly eli lilly and company asts ast spacemobile inc lin linde plc vrt vertiv holdings co duk duke energy corporation soun soundhound ai inc ea electronic arts inc nke nike inc mcd mcdonalds corporation alt altimmune inc crm salesforce inc cmg chipotle mexican grill inc intu intuit inc vcsh vanguard shortterm corporate bond etf xlf financial select sector spdr fund schd schwab us dividend equity etf schg schwab us largecap growth etf lulu lululemon athletica inc ibkr interactive brokers group inc baba alibaba group holding limited vale vale sa ff futurefuel corp amr alpha metallurgical resources inc nxt nextier oilfield solutions inc mtch match group inc bmbl bumble inc evvty evolution ab gamb gamblingcom group limited gct gigacloud technology inc payc paycom software inc imxi international money express inc lrn stride inc prdo perdoceo education corporation upwk upwork inc sd sandridge energy inc stne stoneco ltd opra opera limited khc the kraft heinz company pbra petrleo brasileiro sa petrobras cresy cresud sociedad annima comercial inmobiliaria financiera y agropecuaria bma banco macro sa bap credicorp ltd ohi omega healthcare investors inc fngu microsectors fang index 3x leveraged etn rklb rocket lab usa inc spyu pltr palantir technologies inc arm arm holdings plc adbe adobe inc enph enphase energy inc panw palo alto networks inc ba the boeing company amd advanced micro devices inc crwd crowdstrike holdings inc snow snowflake inc pl planet labs pbc lunr intuitive machines inc mu micron technology inc
I compiled a list of all 190 stocks and funds from the September 2024 Quarterly Thread,"Hey, I did this for myself, but figured it would also be nice for others to check out - I hope it's useful!



**List of 190 stocks and funds:**

* **AMZN**Â (Amazon.com Inc.)
* [**AP-UN.TO**](http://AP-UN.TO)Â (Allied Properties Real Estate Investment Trust)
* [**ATD.TO**](http://ATD.TO)Â (Alimentation Couche-Tard Inc.)
* [**BAM.TO**](http://BAM.TO)Â (Brookfield Asset Management Inc.)
* [**EQB.TO**](http://EQB.TO)Â (Equitable Group Inc.)
* **GOOG**Â (Alphabet Inc.)
* **MSFT**Â (Microsoft Corporation)
* **V**Â (Visa Inc.)
* **Semiconductor ETF**Â (e.g.,Â **SMH**Â - VanEck Semiconductor ETF)
* **RTX**Â (RTX Corporation)
* **XLK**Â (Technology Select Sector SPDR Fund)
* **COST**Â (Costco Wholesale Corporation)
* **O**Â (Realty Income Corporation)
* **QQQM**Â (Invesco NASDAQ 100 ETF)
* **AIA**Â (iShares Asia 50 ETF)
* **XLE**Â (Energy Select Sector SPDR Fund)
* **INTC**Â (Intel Corporation)
* **DLR**Â (Digital Realty Trust Inc.)
* **TGT**Â (Target Corporation)
* **RIVN**Â (Rivian Automotive Inc.)
* **TCEHY**Â (Tencent Holdings Ltd.)
* **KR**Â (The Kroger Co.)
* **PGJ**Â (Invesco Golden Dragon China ETF)
* **IBIT**Â (iShares Bitcoin Trust ETF)
* **KPOP**Â (KPOP and Korean Entertainment ETF)
* **BBWI**Â (Bath & Body Works Inc.)
* **AAPL**Â (Apple Inc.)
* **NET**Â (Cloudflare Inc.)
* **NVO**Â (Novo Nordisk A/S)
* **VKTX**Â (Viking Therapeutics Inc.)
* **PLTR**Â (Palantir Technologies Inc.)
* **SOFI**Â (SoFi Technologies Inc.)
* **BRK.B**Â (Berkshire Hathaway Inc. Class B)
* **C**Â (Citigroup Inc.)
* **USB**Â (U.S. Bancorp)
* **TFC**Â (Truist Financial Corporation)
* **SCHG**Â (Schwab U.S. Large-Cap Growth ETF)
* **SCHD**Â (Schwab U.S. Dividend Equity ETF)
* **PSCI**Â (Invesco S&P SmallCap Industrials ETF)
* **SCHE**Â (Schwab Emerging Markets Equity ETF)
* **IWM**Â (iShares Russell 2000 ETF)
* **SCHF**Â (Schwab International Equity ETF)
* **UTG**Â (Reaves Utility Income Fund)
* **VOO**Â (Vanguard S&P 500 ETF)
* **VXUS**Â (Vanguard Total International Stock ETF)
* **VZ**Â (Verizon Communications Inc.)
* **PG**Â (The Procter & Gamble Company)
* **KO**Â (The Coca-Cola Company)
* **JNJ**Â (Johnson & Johnson)
* **VUAA.L**Â (Vanguard S&P 500 UCITS ETF)
* **WM**Â (Waste Management Inc.)
* **USPY.L**Â (First Trust NASDAQ Cybersecurity UCITS ETF)
* **SanLorenzo**Â (Sanlorenzo S.p.A.)
* **ORLY**Â (O'Reilly Automotive Inc.)
* **EVO**Â (Evolution AB)
* [**CSU.TO**](http://CSU.TO)Â (Constellation Software Inc.)
* **KNSL**Â (Kinsale Capital Group Inc.)
* [**RMS.PA**](http://RMS.PA)Â (HermÃ¨s International SCA)
* **NORBIT**Â (Norbit ASA)
* [**PDX.ST**](http://PDX.ST)Â (Paradox Interactive AB)
* **TOI.V**Â (Topicus.com Inc.)
* **AQ**Â (AQ Group AB)
* **NCAB**Â (NCAB Group AB)
* **AMD**Â (Advanced Micro Devices Inc.)
* **CRWD**Â (CrowdStrike Holdings Inc.)
* **ORCL**Â (Oracle Corporation)
* **ABNB**Â (Airbnb Inc.)
* **XOM**Â (Exxon Mobil Corporation)
* **SNOW**Â (Snowflake Inc.)
* **TT**Â (Trane Technologies plc)
* **INTC**Â (Intel Corporation)
* **BMW**Â (Bayerische Motoren Werke AG)
* **NVDA**Â (NVIDIA Corporation)
* **LRCX**Â (Lam Research Corporation)
* **MSTR**Â (MicroStrategy Incorporated)
* **TSLA**Â (Tesla Inc.)
* **KNPAX**Â (Kopernik Global All-Cap Fund)
* **KNPCX**
* **WMFFX**Â (William Blair Mid Cap Growth Fund)
* **JMUEX**Â (JPMorgan U.S. Equity Fund)
* **TROSX**Â (T. Rowe Price Overseas Stock Fund)
* **TRBCX**Â (T. Rowe Price Blue Chip Growth Fund)
* **LQDA**Â (Liquidia Corporation)
* **PM**Â (Philip Morris International Inc.)
* **MDT**Â (Medtronic plc)
* **SYK**Â (Stryker Corporation)
* **NMIH**Â (NMI Holdings Inc.)
* **CCEC**
* **FRMO**Â (FRMO Corporation)
* **EBAY**Â (eBay Inc.)
* **VNOM**Â (Viper Energy Partners LP)
* **CARR**Â (Carrier Global Corporation)
* **GGN**Â (GAMCO Global Gold, Natural Resources & Income Trust)
* **IFN**Â (The India Fund Inc.)
* **RCG**Â (Renn Fund Inc.)
* **SPLG**Â (SPDR Portfolio S&P 500 ETF)
* **QQEW**Â (First Trust NASDAQ-100 Equal Weighted Index Fund)
* **ETH**Â (Ethereum)
* **BTC**Â (Bitcoin)
* **VWO**Â (Vanguard FTSE Emerging Markets ETF)
* **VEA**Â (Vanguard FTSE Developed Markets ETF)
* **BND**Â (Vanguard Total Bond Market ETF)
* **VTI**Â (Vanguard Total Stock Market ETF)
* **BBY**Â (Best Buy Co. Inc.)
* **DB**Â (Deutsche Bank AG)
* **LXU**Â (LSB Industries Inc.)
* **PINS**Â (Pinterest Inc.)
* **SPOT**Â (Spotify Technology S.A.)
* **WMT**Â (Walmart Inc.)
* **NCA**Â (Nuveen California Municipal Value Fund)
* **PZC**Â (PIMCO California Municipal Income Fund III)
* **LMT**Â (Lockheed Martin Corporation)
* **IGC**Â (India Globalization Capital Inc.)
* **TSM**Â (Taiwan Semiconductor Manufacturing Company Ltd.)
* **TMO**Â (Thermo Fisher Scientific Inc.)
* **CAT**Â (Caterpillar Inc.)
* **VIG**Â (Vanguard Dividend Appreciation ETF)
* **MSOS**Â (AdvisorShares Pure US Cannabis ETF)
* **MGC**Â (Vanguard Mega Cap ETF)
* **VGT**Â (Vanguard Information Technology ETF)
* **PYPL**Â (PayPal Holdings Inc.)
* **META**Â (Meta Platforms Inc.)
* **SHOP**Â (Shopify Inc.)
* **MA**Â (Mastercard Incorporated)
* **AXP**Â (American Express Company)
* **UNH**Â (UnitedHealth Group Incorporated)
* **NFLX**Â (Netflix Inc.)
* **ARKG**Â (ARK Genomic Revolution ETF)
* **ICLN**Â (iShares Global Clean Energy ETF)
* **ENPH**Â (Enphase Energy Inc.)
* **PTON**Â (Peloton Interactive Inc.)
* **BKNG**Â (Booking Holdings Inc.)
* **LLY**Â (Eli Lilly and Company)
* **ASTS**Â (AST SpaceMobile Inc.)
* **LIN**Â (Linde plc)
* **VRT**Â (Vertiv Holdings Co.)
* **DUK**Â (Duke Energy Corporation)
* **SOUN**Â (SoundHound AI Inc.)
* **EA**Â (Electronic Arts Inc.)
* **NKE**Â (NIKE Inc.)
* **MCD**Â (McDonald's Corporation)
* **ALT**Â (Altimmune Inc.)
* **CRM**Â (Salesforce Inc.)
* **CMG**Â (Chipotle Mexican Grill Inc.)
* **INTU**Â (Intuit Inc.)
* **VCSH**Â (Vanguard Short-Term Corporate Bond ETF)
* **XLF**Â (Financial Select Sector SPDR Fund)
* **SCHD**Â (Schwab U.S. Dividend Equity ETF)
* **SCHG**Â (Schwab U.S. Large-Cap Growth ETF)
* **LULU**Â (Lululemon Athletica Inc.)
* **IBKR**Â (Interactive Brokers Group Inc.)
* **BABA**Â (Alibaba Group Holding Limited)
* **VALE**Â (Vale S.A.)
* **FF**Â (FutureFuel Corp.)
* **AMR**Â (Alpha Metallurgical Resources Inc.)
* **NXT**Â (NexTier Oilfield Solutions Inc.)
* **MTCH**Â (Match Group Inc.)
* **BMBL**Â (Bumble Inc.)
* **EVVTY**Â (Evolution AB)
* **GAMB**Â (Gambling.com Group Limited)
* **GCT**Â (GigaCloud Technology Inc.)
* **PAYC**Â (Paycom Software Inc.)
* **IMXI**Â (International Money Express Inc.)
* **LRN**Â (Stride Inc.)
* **PRDO**Â (Perdoceo Education Corporation)
* **UPWK**Â (Upwork Inc.)
* **SD**Â (SandRidge Energy Inc.)
* **STNE**Â (StoneCo Ltd.)
* **OPRA**Â (Opera Limited)
* **KHC**Â (The Kraft Heinz Company)
* **PBR.A**Â (PetrÃ³leo Brasileiro S.A. - Petrobras)
* **CRESY**Â (Cresud Sociedad AnÃ³nima Comercial, Inmobiliaria, Financiera y Agropecuaria)
* **BMA**Â (Banco Macro S.A.)
* **BAP**Â (Credicorp Ltd.)
* **OHI**Â (Omega Healthcare Investors Inc.)
* **FNGU**Â (MicroSectors FANG+ Index 3X Leveraged ETN)
* **RKLB**Â (Rocket Lab USA Inc.)
* **SPYU**
* **PLTR**Â (Palantir Technologies Inc.)
* **ARM**Â (Arm Holdings plc)
* **ADBE**Â (Adobe Inc.)
* **ENPH**Â (Enphase Energy Inc.)
* **PANW**Â (Palo Alto Networks Inc.)
* **BA**Â (The Boeing Company)
* **AMD**Â (Advanced Micro Devices Inc.)
* **CRWD**Â (CrowdStrike Holdings Inc.)
* **SNOW**Â (Snowflake Inc.)
* **PL**Â (Planet Labs PBC)
* **LUNR**Â (Intuitive Machines Inc.)
* **MU**Â (Micron Technology Inc.)",0,14,https://www.reddit.com/r/stocks/comments/1g8915h/i_compiled_a_list_of_all_190_stocks_and_funds/,i compiled a list of all 190 stocks and funds from the september 2024 quarterly thread,hey i did this for myself but figured it would also be nice for others to check out i hope its useful list of 190 stocks and funds amzn amazoncom inc apuntohttpapunto allied properties real estate investment trust atdtohttpatdto alimentation couchetard inc bamtohttpbamto brookfield asset management inc eqbtohttpeqbto equitable group inc goog alphabet inc msft microsoft corporation v visa inc semiconductor etf eg smh vaneck semiconductor etf rtx rtx corporation xlk technology select sector spdr fund cost costco wholesale corporation o realty income corporation qqqm invesco nasdaq 100 etf aia ishares asia 50 etf xle energy select sector spdr fund intc intel corporation dlr digital realty trust inc tgt target corporation rivn rivian automotive inc tcehy tencent holdings ltd kr the kroger co pgj invesco golden dragon china etf ibit ishares bitcoin trust etf kpop kpop and korean entertainment etf bbwi bath body works inc aapl apple inc net cloudflare inc nvo novo nordisk as vktx viking therapeutics inc pltr palantir technologies inc sofi sofi technologies inc brkb berkshire hathaway inc class b c citigroup inc usb us bancorp tfc truist financial corporation schg schwab us largecap growth etf schd schwab us dividend equity etf psci invesco sp smallcap industrials etf sche schwab emerging markets equity etf iwm ishares russell 2000 etf schf schwab international equity etf utg reaves utility income fund voo vanguard sp 500 etf vxus vanguard total international stock etf vz verizon communications inc pg the procter gamble company ko the cocacola company jnj johnson johnson vuaal vanguard sp 500 ucits etf wm waste management inc uspyl first trust nasdaq cybersecurity ucits etf sanlorenzo sanlorenzo spa orly oreilly automotive inc evo evolution ab csutohttpcsuto constellation software inc knsl kinsale capital group inc rmspahttprmspa herms international sca norbit norbit asa pdxsthttppdxst paradox interactive ab toiv topicuscom inc aq aq group ab ncab ncab group ab amd advanced micro devices inc crwd crowdstrike holdings inc orcl oracle corporation abnb airbnb inc xom exxon mobil corporation snow snowflake inc tt trane technologies plc intc intel corporation bmw bayerische motoren werke ag nvda nvidia corporation lrcx lam research corporation mstr microstrategy incorporated tsla tesla inc knpax kopernik global allcap fund knpcx wmffx william blair mid cap growth fund jmuex jpmorgan us equity fund trosx t rowe price overseas stock fund trbcx t rowe price blue chip growth fund lqda liquidia corporation pm philip morris international inc mdt medtronic plc syk stryker corporation nmih nmi holdings inc ccec frmo frmo corporation ebay ebay inc vnom viper energy partners lp carr carrier global corporation ggn gamco global gold natural resources income trust ifn the india fund inc rcg renn fund inc splg spdr portfolio sp 500 etf qqew first trust nasdaq100 equal weighted index fund eth ethereum btc bitcoin vwo vanguard ftse emerging markets etf vea vanguard ftse developed markets etf bnd vanguard total bond market etf vti vanguard total stock market etf bby best buy co inc db deutsche bank ag lxu lsb industries inc pins pinterest inc spot spotify technology sa wmt walmart inc nca nuveen california municipal value fund pzc pimco california municipal income fund iii lmt lockheed martin corporation igc india globalization capital inc tsm taiwan semiconductor manufacturing company ltd tmo thermo fisher scientific inc cat caterpillar inc vig vanguard dividend appreciation etf msos advisorshares pure us cannabis etf mgc vanguard mega cap etf vgt vanguard information technology etf pypl paypal holdings inc meta meta platforms inc shop shopify inc ma mastercard incorporated axp american express company unh unitedhealth group incorporated nflx netflix inc arkg ark genomic revolution etf icln ishares global clean energy etf enph enphase energy inc pton peloton interactive inc bkng booking holdings inc lly eli lilly and company asts ast spacemobile inc lin linde plc vrt vertiv holdings co duk duke energy corporation soun soundhound ai inc ea electronic arts inc nke nike inc mcd mcdonalds corporation alt altimmune inc crm salesforce inc cmg chipotle mexican grill inc intu intuit inc vcsh vanguard shortterm corporate bond etf xlf financial select sector spdr fund schd schwab us dividend equity etf schg schwab us largecap growth etf lulu lululemon athletica inc ibkr interactive brokers group inc baba alibaba group holding limited vale vale sa ff futurefuel corp amr alpha metallurgical resources inc nxt nextier oilfield solutions inc mtch match group inc bmbl bumble inc evvty evolution ab gamb gamblingcom group limited gct gigacloud technology inc payc paycom software inc imxi international money express inc lrn stride inc prdo perdoceo education corporation upwk upwork inc sd sandridge energy inc stne stoneco ltd opra opera limited khc the kraft heinz company pbra petrleo brasileiro sa petrobras cresy cresud sociedad annima comercial inmobiliaria financiera y agropecuaria bma banco macro sa bap credicorp ltd ohi omega healthcare investors inc fngu microsectors fang index 3x leveraged etn rklb rocket lab usa inc spyu pltr palantir technologies inc arm arm holdings plc adbe adobe inc enph enphase energy inc panw palo alto networks inc ba the boeing company amd advanced micro devices inc crwd crowdstrike holdings inc snow snowflake inc pl planet labs pbc lunr intuitive machines inc mu micron technology inc
