source,author,title,description,url,urlToImage,publishedAt,content
"{'id': None, 'name': 'Yahoo Entertainment'}",Kris Holt,Rocket Lab gets up to $23.9 million in CHIPS funding for space-grade solar cells,"The Department of Commerce has finalized federal funding for two more recipients under the CHIPS and Science Act. One of those is Rocket Lab
, which has secured up to $23.9 million in funding to boost production of space-grade solar cells that power satellit…",https://consent.yahoo.com/v2/collectConsent?sessionId=1_cc-session_1043e459-16c6-4daf-8f73-70f305f59406,,2024-11-25T15:59:32Z,"If you click 'Accept all', we and our partners, including 237 who are part of the IAB Transparency &amp; Consent Framework, will also store and/or access information on a device (in other words, use … [+678 chars]"
"{'id': None, 'name': '[Removed]'}",,[Removed],[Removed],https://removed.com,,2024-12-13T21:10:31Z,[Removed]
"{'id': 'business-insider', 'name': 'Business Insider'}",Lindsay Dodgson,Rocket Lab's CEO says being paranoid at work is his superpower — but it can come at a huge cost,"Rocket Lab's Peter Beck views paranoia as a leadership asset but experts caution about burnout risks, urging balance in high-pressure environments.",https://www.businessinsider.com/rocket-lab-ceo-beck-paranoia-superpower-can-lead-to-burnout-2024-12,https://i.insider.com/67582e4f52dd0818d1a62825?width=1200&format=jpeg,2024-12-11T10:15:31Z,"Rocket Lab's CEO Peter Beck.Phil Walter/Getty Images
<ul><li>Rocket Lab CEO Peter Beck views paranoia as a leadership superpower.</li><li>Experts warn Beck's mindset may lead to burnout and a toxic … [+5002 chars]"
"{'id': None, 'name': 'Hackaday'}",Heidi Ulrich,Aftershock II: How Students Shattered 20-Year Amateur Rocket Records,"When it comes to space exploration, we often think of billion-dollar projects—NASA’s Artemis missions, ESA’s Mars rovers, or China’s Tiangong station. Yet, a group of U.S. students at USC’s Rocket …read more",https://hackaday.com/2024/11/24/aftershock-ii-how-students-shattered-20-year-amateur-rocket-records/,https://hackaday.com/wp-content/uploads/2024/11/student-rocket-1200.jpg,2024-11-25T03:00:22Z,"When it comes to space exploration, we often think of billion-dollar projectsNASAs Artemis missions, ESAs Mars rovers, or Chinas Tiangong station. Yet, a group of U.S. students at USC’s Rocket Propul… [+1132 chars]"
"{'id': None, 'name': 'Gizmodo.com'}",Passant Rabie,The Soaring Highs and Deflating Lows of Commercial Spaceflight in 2024,"This year, private space companies were put to the test. Some thrived under pressure, while others crashed and burned.",https://gizmodo.com/the-soaring-highs-and-deflating-lows-of-commercial-spaceflight-in-2024-2000538101,https://gizmodo.com/app/uploads/2024/12/Private-Spaceflight-Review-2024.jpg,2024-12-16T15:10:19Z,"Although commercial spaceflight has been around since the 1960s, it’s managed to snake its way to the forefront of the space age over the past few years, slowly integrating itself into the national a… [+10587 chars]"
"{'id': None, 'name': 'Usc.edu'}",Matilda Bathurst,USC Student Rocket Group Shatters International Amateur Space Record,"Aftershock II is believed to be the world’s first civilian-built rocket to reach an altitude of 470,000 feet.",https://viterbischool.usc.edu/news/2024/11/usc-student-rocket-group-shatters-international-amateur-space-record/,https://viterbischool.usc.edu/wp-content/uploads/2024/11/RPL-rocket-launch.jpg,2024-11-27T18:15:54Z,"Photo from space. The nose cone of USCRPL’s rocket points towards the moon, across Earth’s horizon
Aftershock II, the latest rocket designed and built by the student-run USC Rocket Propulsion Lab (U… [+4062 chars]"
"{'id': None, 'name': 'Gizmodo.com'}",Passant Rabie,Japanese Startup’s Second Orbital Launch Attempt Ends in Failure as Kairos Rocket Self-Destructs,"As a result of the failure, Japan's private sector has yet to independently place a satellite in Earth orbit.",https://gizmodo.com/japanese-startups-second-orbital-launch-attempt-ends-in-failure-as-kairos-rocket-self-destructs-2000540642,https://gizmodo.com/app/uploads/2024/12/Kairos-launch.jpg,2024-12-19T02:10:53Z,"A Japanese startup’s second attempt to launch its solid-fuel rocket ended in chaos, with Kairos spiraling downwards a few minutes after lift off. The launch failure marks another setback for Japan’s … [+2556 chars]"
"{'id': None, 'name': 'Space.com'}",mwall@space.com (Mike Wall),Rocket Lab's secretive launch last month was a hypersonic test for the US military (photos),"""Rocket Lab’s test platform showcased a new suite of cutting-edge technologies optimized for hypersonic technology tests with vastly increased payloads.""",https://www.space.com/space-exploration/launches-spacecraft/rocket-labs-secretive-launch-last-month-was-a-hypersonic-test-for-the-us-military-photos,https://cdn.mos.cms.futurecdn.net/tUk3mRJytd23dkasDVMcfJ-1200-80.jpg,2024-12-10T22:09:42Z,"Rocket Lab's pioneering suborbital launch last month conducted hypersonic tests for the U.S. military, the company has revealed.
The mission in question lifted off on Nov. 24 from the Mid-Atlantic R… [+2443 chars]"
"{'id': None, 'name': 'Space.com'}",mwall@space.com (Mike Wall),Watch Rocket Lab launch 5 French 'Internet of Things' satellites Nov. 24,"Rocket Lab plans to launch five French ""Internet of Things"" satellites on Sunday night (Nov. 24), and you can watch the action live.",https://www.space.com/space-exploration/launches-spacecraft/watch-rocket-lab-launch-5-french-internet-of-things-satellites-tonight,https://cdn.mos.cms.futurecdn.net/PaiybCJbJbJzRTmTFw5R2d-1200-80.jpg,2024-11-23T11:00:41Z,"Rocket Lab plans to launch five ""Internet of Things"" (IoT) satellites to orbit on Sunday night (Nov. 24), and you can watch the action live.
An Electron launcher carrying five spacecraft for the Fre… [+2158 chars]"
"{'id': 'business-insider', 'name': 'Business Insider'}",Morgan McFall-Johnsen,Donald Trump is clearly trying to shake things up at NASA,Billionaire CEO and SpaceX astronaut Jared Isaacman is not a traditional pick for NASA chief. His nomination could ruffle some feathers.,https://www.businessinsider.com/trump-plans-shake-up-nasa-administrator-nomination-jared-isaacman-2024-12,https://i.insider.com/675287d78fbb2783ed302a79?width=1200&format=jpeg,2024-12-06T23:24:42Z,"Donald Trump speaks at NASA's Vehicle Assembly Building during his first presidency.Paul Hennessy/SOPA Images/LightRocket via Getty Images
<ul><li>Trump's choice of NASA Administrator suggests he wa… [+5502 chars]"
"{'id': 'business-insider', 'name': 'Business Insider'}",Jaures Yip,"The morning routines of CEOs, from Mark Zuckerberg to Sam Altman","We took a look at the morning routines of the CEOs of some of the world's biggest companies, which range from 4 a.m. wake-ups to meditations.",https://www.businessinsider.com/ceo-morning-routines,https://i.insider.com/6747a4deede4eeae392a3036?width=1200&format=jpeg,2024-11-29T11:18:01Z,"Mark Zuckerberg's morning fitness routine has evolved over the years as he turned to MMA and jiu-jitsu and away from running.Chris Unger/Getty Images
<ul><li>CEOs are often known for their unique mo… [+10926 chars]"
"{'id': None, 'name': 'Cracked.com'}",Ryan Menezes,5 Lab Accidents That Went Horribly Right,"Ingesting chemicals can mess with your body. Sometimes, that’s a good thing",https://www.cracked.com/article_44461_5-lab-accidents-that-went-horribly-right.html,https://s3.crackedcdn.com/phpimages/article/0/9/8/1190098.jpg,2024-11-21T13:00:00Z,"Stories abound about scientists who do something stupid in a lab and stumble on a discovery. 
For example, there was the time a scientist was told to test a chemical, and he misheard that as taste t… [+6777 chars]"
"{'id': None, 'name': 'Space.com'}",mwall@space.com (Mike Wall),International Space Station dodges 2nd piece of space junk in 6 days,"A Russian Progress freighter docked to the ISS fired its thrusters Monday (Nov. 25) to dodge a piece of debris, the second such evasive maneuver for the orbiting lab in less than a week.",https://www.space.com/space-exploration/international-space-station/international-space-station-dodges-2nd-piece-of-space-junk-in-6-days,https://cdn.mos.cms.futurecdn.net/CS9gR5JNMbtyQiFQFUQfYm-1200-80.jpg,2024-11-26T21:30:00Z,"The International Space Station just dodged a piece of debris for the second time in less than a week.
Russia's robotic Progress 89 freighter, which has been docked to the ISS since August, fired it… [+2278 chars]"
"{'id': None, 'name': 'Space.com'}",info@space.com (Space.com Staff),This Week In Space podcast: Episode 140 —University Rocketeers,"On Episode 140 of This Week In Space, Rod and Tariq talk with Dan Erwin and Ryan Kraemer about amateur rocketry.",https://www.space.com/entertainment/space-movies-shows/this-week-in-space-podcast-this-week-in-space-podcast-episode-140-university-rocketeers,https://cdn.mos.cms.futurecdn.net/jwoAAmpku79L3FwcrWB7Rc-1200-80.jpg,2024-12-14T13:48:31Z,"On Episode 140 of This Week In Space, Rod Pyle and Tariq Malik talk with Dr. Dan Erwin and student Ryan Kraemer about amateur rocketry.
Many of us flew model rockets as young people, but USC Rocket … [+1804 chars]"
"{'id': None, 'name': 'Space.com'}",info@space.com (Space.com Staff),This Week In Space podcast: Episode 138 —From the Garage to Mars,"On Episode 138 of This Week In Space, Rod and Tariq talk with Scott Tibbitts, a dynamic and engaging space entrepreneur.",https://www.space.com/entertainment/space-movies-shows/this-week-in-space-podcast-this-week-in-space-podcast-episode-138-from-garage-mars,https://cdn.mos.cms.futurecdn.net/PBEyW4FmW8mFT9VahQtrzi-1200-80.jpg,2024-11-23T15:47:02Z,"On Episode 138 of This Week In Space, Rod Pyle and Tariq Malik talk with Scott Tibbitts, who spun $7 of hardware store parts into a 150-person, multimillion-dollar space company making tech for NASA … [+2038 chars]"
"{'id': None, 'name': 'Theregister.com'}",Richard Speed,Vega-C finally launches ESA's next Sentinel satellite,"Return to flight almost two years since the previous endeavor failed
Arianespace has finally managed to return the Vega-C to flight carrying a Sentinel payload for the European Space Agency (ESA).…",https://www.theregister.com/2024/12/06/vegac_launch/,https://regmedia.co.uk/2024/12/06/vega-c_launch.jpg,2024-12-06T15:25:14Z,"Arianespace has finally managed to return the Vega-C to flight carrying a Sentinel payload for the European Space Agency (ESA).
After repeated delays, the third Vega-C lifted off from the Guiana Spa… [+2697 chars]"
"{'id': None, 'name': 'Biztoc.com'}",investors.com,"Rocket Lab Lands CHIPs Award, Successful Missions; SpaceX Launch On Deck","The space industry docket for Monday is packed with a slew of rocket launches and acquisition news. SpaceX already completed one launch of Starlink satellites early Monday. It has another potentially on tap for tonight. Meanwhile, rival Rocket Lab (RKLB) succ…",https://biztoc.com/x/1c08b16e490f7456,https://biztoc.com/cdn/1c08b16e490f7456_s.webp,2024-11-25T16:14:08Z,The space industry docket for Monday is packed with a slew of rocket launches and acquisition news. SpaceX already completed one launch of Starlink satellites early Monday. It has another potentially… [+140 chars]
"{'id': None, 'name': 'Space.com'}",jdinner@space.com (Josh Dinner),"Watch Blue Origin launch 'Space Gal' Emily Calandrelli, 5 others on tourism flight Nov. 22","Blue Origin's next space tourism mission is launching Nov. 22, with 'Space Gal' Emily Calandrelli. Watch live on Space.com.",https://www.space.com/space-exploration/private-spaceflight/watch-blue-origin-launch-space-gal-emily-calandrelli-space-tourists-ns-28-livestream,https://cdn.mos.cms.futurecdn.net/sHAiPWbPfYt4ZyqFTH9cy8-1200-80.jpg,2024-11-21T17:00:00Z,"Blue Origin will launch its ninth space tourism flight on Friday morning (Nov. 22).
The mission — known as NS-28, because it will be the 28th launch overall of Blue Origin's New Shepard vehicle — is… [+1946 chars]"
"{'id': None, 'name': 'Forbes'}","Alex Knapp, Forbes Staff, 
 Alex Knapp, Forbes Staff
 https://www.forbes.com/sites/alexknapp/",The Prototype: $5 Million XPrize Awarded For Using Drones To Monitor Rainforests,"Plus: Rocket Lab’s Peter Beck is the newest space billionaire, a test for premature birth and SpaceX tests Starship again.",https://www.forbes.com/sites/alexknapp/2024/11/22/the-prototype-5-million-xprize-awarded-for-using-drones-to-monitor-rainforests/,https://imageio.forbes.com/specials-images/imageserve/67401cfe40989281890d80fd/0x0.jpg?format=jpg&height=900&width=1600&fit=bounds,2024-11-22T14:00:00Z,"In this weeks edition of The Prototype, we look at using drones to protect the rainforest, the newest space billionaire, why you need to get up and move around during the day and more. You can sign u… [+6505 chars]"
"{'id': None, 'name': 'Biztoc.com'}",reuters.com,"US finalizes awards to BAE Systems, Rocket Lab for semiconductor chips","The U.S. Commerce Department said on Monday it is finalizing nearly $60 million in government subsidies for BAE Systems to build chips used in jets and satellites, and for Rocket Lab to build compound semiconductors used in satellites and spacecraft.",https://biztoc.com/x/6963bdab024816c6,https://biztoc.com/cdn/6963bdab024816c6_s.webp,2024-11-25T10:12:57Z,"The U.S. Commerce Department said on Monday it is finalizing nearly $60 million in government subsidies for BAE Systems to build chips used in jets and satellites, and for Rocket Lab to build compoun… [+108 chars]"
"{'id': None, 'name': 'Biztoc.com'}",aol.com,Rocket Lab USA Is Up 320% in 2024. Here's Why I'm Not Taking Profits,"The recent market rotation toward smaller companies has lifted many boats, but Rocket Lab USA's (NASDAQ: RKLB) performance stands out even in this environment. The space company's shares have rocketed 320% higher this year at the time of this writing, includi…",https://biztoc.com/x/ea201413ee541ed3,https://biztoc.com/cdn/ea201413ee541ed3_s.webp,2024-11-26T13:05:39Z,"The recent market rotation toward smaller companies has lifted many boats, but Rocket Lab USA's (NASDAQ: RKLB) performance stands out even in this environment. The space company's shares have rockete… [+147 chars]"
"{'id': None, 'name': 'Biztoc.com'}",barchart.com,"Is Rocket Lab Stock a Buy, Hold, or Sell After Earnings?","Jump-Start Your Search For Promising Trade Ideas With Barchart Premier’s ""Top Stock Pick"".
FREE 30 Day Trial
- Market Pulse
-
- Options Market Overview
- Unusual Options Activity
- IV Rank and IV Percentile
- Implied vs Realized Vol
- Most Active Options
- Hi…",https://biztoc.com/x/dad69dad924c7751,https://biztoc.com/cdn/dad69dad924c7751_s.webp,2024-11-25T22:19:05Z,"Jump-Start Your Search For Promising Trade Ideas With Barchart Premiers ""Top Stock Pick"".FREE 30 Day Trial- Market Pulse-- Options Market Overview- Unusual Options Activity- IV Rank and IV Percentile… [+129 chars]"
"{'id': None, 'name': 'Space.com'}",Victoria Corless,Scientists are updating chemistry models to track down life on icy moons,Scientists are using chemical modeling to dissect whether life exists on icy moons in our solar system.,https://www.space.com/space-exploration/search-for-life/scientists-are-updating-chemistry-models-to-track-down-life-on-icy-moons,https://cdn.mos.cms.futurecdn.net/F7wttTzd5rTVH2nR73oa4X-1200-80.jpg,2024-11-26T15:00:00Z,"Scientists are turning to chemical modeling to determine whether icy moons in our solar system have what it takes to host life — microbial life, that is.
In general, chemistry models are crucial for… [+3961 chars]"
"{'id': None, 'name': 'NASA'}",Dylan Connell,Gateway: Wired for Deep Space,"A maze of cables and sensors snakes through a major piece of Gateway, humanity’s first space station around the Moon, during a key testing phase earlier this year to ensure the lunar-orbiting science lab can withstand the harsh conditions of deep space. HALO …",https://www.nasa.gov/image-article/gateway-wired-for-deep-space/,https://www.nasa.gov/wp-content/uploads/2024/12/a2d590e8-c7df-4f80-9cd4-11a1d20b8123.jpg,2024-12-19T21:09:03Z,"A maze of cables and sensors snakes through a major piece of Gateway, humanitys first space station around the Moon, during a key testing phase earlier this year to ensure the lunar-orbiting science … [+919 chars]"
"{'id': None, 'name': 'PC Gamer'}",clivingston@pcgamer.com (Christopher Livingston),"Factorio, but cozy? Little Rocket Lab is a factory builder with plenty of Stardew Valley vibes",Build automated contraptions while getting to know the townsfolk in a cozy village.,https://www.pcgamer.com/games/life-sim/factorio-but-cozy-little-rocket-lab-is-a-factory-builder-with-plenty-of-stardew-valley-vibes/,https://cdn.mos.cms.futurecdn.net/GeMnqJ5nxBMELHRFuq2wkV-1200-80.jpg,2024-12-10T20:20:47Z,"You can do lots of great stuff in Stardew Valley: farming, mining, fishing, crafting, and romancing all the sexy singles—but can you build your own rocketship on the outskirts of town? Likewise, you … [+2021 chars]"
"{'id': None, 'name': 'Space.com'}",mwall@space.com (Mike Wall),Broken water pipe knocks out data processing for NASA sun-studying spacecraft,"Data processing for NASA's Solar Dynamics Observatory and IRIS probe are down for a while, thanks to a burst water pipe in a server room used by the missions.",https://www.space.com/the-universe/sun/broken-water-pipe-knocks-out-data-processing-for-nasa-sun-studying-spacecraft,https://cdn.mos.cms.futurecdn.net/BBPQMNqQqQcRg4QWYngcbe-1200-80.jpg,2024-12-02T22:00:00Z,"Scientists won't be able to process much of the data gathered by NASA's Solar Dynamics Observatory (SDO) and IRIS spacecraft for a while, thanks to a burst water pipe.
That pipe — a 4-inch-wide (10 … [+2103 chars]"
"{'id': None, 'name': 'Neowin'}",Paul Hill,China prepares for the maiden flight of Long March 12 - TWIRL #189,"We have plenty of rocket launches this week, but the most interesting will be China's maiden flight of the Long March 12. Read more...",https://www.neowin.net/news/china-prepares-for-the-maiden-flight-of-long-march-12---twirl-189/,https://cdn.neowin.com/news/images/uploaded/2024/11/1732368631_twirl-189_story.jpg,2024-11-23T13:38:01Z,We have a lot of launches coming up this month but the most interesting will come from China when the country launches its Long March 12 rocket on a maiden flight. This is a medium-lift launch vehicl… [+5248 chars]
"{'id': None, 'name': 'Yahoo Entertainment'}",Nauman khan,"Rocket Lab Hits Record $27.5, Surges 400% YTD Amid Space Industry Boom","Rocket Lab Rockets Ahead: Breaks Records, Lands Multi-Launch Deal",https://finance.yahoo.com/news/rocket-lab-hits-record-27-161606108.html,https://media.zenfs.com/en/us.finance.gurufocus/03b7200668a6acc83e51afe83b7b1f10,2024-11-29T16:16:06Z,"Rocket Lab USA (RKLB, Financial) reached its highest level at $27.5 per share on November 29, 2024 after recorded a single-day gain of 8.3%. This reflects an impressive 398% year to date return, fuel… [+1564 chars]"
"{'id': None, 'name': 'Yahoo Entertainment'}",,"Rocket Lab USA, Inc. (RKLB): A Bull Case Theory",,https://consent.yahoo.com/v2/collectConsent?sessionId=1_cc-session_5ab9ccf1-e74d-4a9b-9b3b-6f500194d897,,2024-12-02T17:56:29Z,"If you click 'Accept all', we and our partners, including 237 who are part of the IAB Transparency &amp; Consent Framework, will also store and/or access information on a device (in other words, use … [+678 chars]"
"{'id': None, 'name': 'Space.com'}",mwall@space.com (Mike Wall),Happy Thanksgiving from space! NASA astronauts beam home Turkey Day message (video),The four NASA astronauts currently living on the International Space Station wished us all a happy Thanksgiving — and revealed what they'll be feasting on this Turkey Day.,https://www.space.com/space-exploration/international-space-station/happy-thanksgiving-from-space-nasa-astronauts-beam-home-turkey-day-message-video,https://cdn.mos.cms.futurecdn.net/VGjmUh94MTwc2Nr9WQyjVE-1200-80.jpg,2024-11-28T05:01:00Z,"The four NASA astronauts currently living on the International Space Station (ISS) just wished all of us all a happy Thanksgiving.
Nick Hague, Don Pettit, Suni Williams and Butch Wilmore have beamed… [+3189 chars]"
"{'id': None, 'name': 'Space.com'}",conor.feehly94@gmail.com (Conor Feehly),"Comets probably delivered Earth its water long ago, new study reveals","""This is just one of those very rare cases where you propose a hypothesis and actually find it happening.""",https://www.space.com/the-universe/earth/comets-probably-delivered-earth-its-water-long-ago-new-study-reveals,https://cdn.mos.cms.futurecdn.net/AoBVVJdXWuQ6yrEvC4M2P5-1200-80.jpg,2024-12-05T21:00:00Z,"Water. All life on Earth requires it in some way or another, and it's hard to miss that roughly 70% of our planet's surface is covered in the stuff. Thus, understanding where Earth's water came from … [+3479 chars]"
"{'id': None, 'name': 'Space.com'}",Samantha Mathewson,NASA astronaut Suni Williams poses with adorable tentacle-armed Astrobee robot on ISS (photo),The robot's flexible arms are a technology demonstration that could one day aid in satellite maintenance and space debris management.,https://www.space.com/space-exploration/tech/nasa-astronaut-suni-williams-poses-with-adorable-tentacle-armed-astrobee-robot-on-iss-photo,https://cdn.mos.cms.futurecdn.net/MVXeFchocSsYzVTyy8MuGQ-1200-80.jpg,2024-12-17T13:00:00Z,"An Astrobee robotic free-flyer with tentacle-like arms was tested in a demonstration experiment aboard the International Space Station (ISS).
NASA astronaut Suni Williams
, who is currently serving… [+3048 chars]"
"{'id': None, 'name': 'Neowin'}",Paul Hill,SpaceX ready to launch satellites for other entities this week - TWIRL #192,"SpaceX will launch several missions this week for various entities, including government offices and private companies. It will also launch some of its own satellites. Read more...",https://www.neowin.net/news/spacex-ready-to-launch-satellites-for-other-entities-this-week---twirl-192/,https://cdn.neowin.com/news/images/uploaded/2024/12/1734166571_twirl-192_story.jpg,2024-12-14T10:02:02Z,"We have a busy week coming up for rocket launches. The thing that stands out this week is the number of satellites SpaceX will be orbiting for other entities, including SES, the NRO, and Astranis.
S… [+2539 chars]"
"{'id': None, 'name': 'Live Science'}",Harry Baker,Students' 'homemade' rocket soars faster and farther into space than any other amateur spacecraft — smashing 20-year records,"Aftershock II, a new rocket built by students at the University of Southern California, recently broke a number of 20-year-old amateur spaceflight records for altitude, power and speed. It reached more than 470,000 feet above Earth's surface and went ""hyperso…",https://www.livescience.com/space/space-exploration/students-homemade-rocket-soars-faster-and-farther-into-space-than-any-other-amateur-spacecraft-smashing-20-year-records,https://cdn.mos.cms.futurecdn.net/77Uz7ybHRDYtFE9TBJSQ5Z-1200-80.jpg,2024-11-21T17:44:08Z,"A group of U.S. students has smashed a series of world records after launching a ""homemade"" rocket farther and faster into space than any other amateur rocket. The student-made missile soared 90,000 … [+4469 chars]"
"{'id': None, 'name': 'Yahoo Entertainment'}",,Rocket Lab Soars 530%: Defense Deals and Space Milestones Propel Stock to New Heights,,https://consent.yahoo.com/v2/collectConsent?sessionId=1_cc-session_d9c0be8e-2665-4646-95be-a2018bb18a05,,2024-12-02T15:05:47Z,"If you click 'Accept all', we and our partners, including 237 who are part of the IAB Transparency &amp; Consent Framework, will also store and/or access information on a device (in other words, use … [+678 chars]"
"{'id': None, 'name': 'Space.com'}",Robert Lea,Large Hadron Collider finds 1st evidence of the heaviest antimatter particle yet,"Scientists at CERN's ALICE detector are replicating conditions found during the Big Bang, attempting to get to the bottom of how matter came to dominate over antimatter.",https://www.space.com/lhc-alice-antimatter-first-hyperhelium4,https://cdn.mos.cms.futurecdn.net/5wzRaHeaodd4szdoF62jmK-1200-80.png,2024-12-10T20:00:20Z,"The world's most massive science experiment has done it again, detecting hints of the heaviest antimatter particle ever found.
This means the Large Hadron Collider (LHC), the most powerful particle … [+5096 chars]"
"{'id': None, 'name': 'Neowin'}",Paul Hill,Europe and India prep for Sun corona observation PROBA 3 mission - TWIRL #190,ESA and ISRO are getting ready to launch the PROBA 3 mission this week which will see two satellites flying in formation to observe the corona around the Sun. Read more...,https://www.neowin.net/news/europe-and-india-prep-for-sun-corona-observation-proba-3-mission---twirl-190/,https://cdn.neowin.com/news/images/uploaded/2024/11/1732971350_twirl-190_story.jpg,2024-11-30T13:16:01Z,We have lots of rocket launches coming up this week but the most interesting will be ISRO's launch of PSLV carrying the European Space Agency's PROBA 3 mission which consists of two satellites flying… [+5778 chars]
"{'id': None, 'name': 'Eurogamer.net'}",Matt Wales,Toem 2 and all 23 other cosy indies featured in the latest Wholesome Snack showcase,"As the nights draw in and those jorts are tucked away in favour of some fluffy long johns, what better way to warm your frosty innards than with some cosy indie games? And, would you believe it, that's exactly what the latest Wholesome Snack showcase brought …",https://www.eurogamer.net/toem-2-and-all-23-other-cosy-indies-featured-in-the-latest-wholesome-snack-showcase,https://assetsio.gnwcdn.com/toem2.jpg?width=1200&height=630&fit=crop&enable=upscale&auto=webp,2024-12-10T20:38:55Z,"As the nights draw in and those jorts are tucked away in favour of some fluffy long johns, what better way to warm your frosty innards than with some cosy indie games? And, would you believe it, that… [+13661 chars]"
"{'id': None, 'name': 'Space.com'}",Victoria Corless,Predicting future floods: New AI tool gives realistic satellite-like views,MIT scientists are developing an artificial intelligence (AI) tool that creates realistic satellite images of potential flooding scenarios.,https://www.space.com/space-exploration/tech/predicting-future-floods-new-ai-tool-gives-realistic-satellite-like-views,https://cdn.mos.cms.futurecdn.net/cKRHcTZfja6ufZxSJfBizP-1200-80.jpeg,2024-12-09T18:00:00Z,"MIT scientists are developing an artificial intelligence (AI) tool that creates realistic satellite images of potential flooding scenarios.
The tool combines a generative AI
 model with a physics-b… [+4787 chars]"
"{'id': None, 'name': 'Space.com'}",Kiona N. Smith,"BepiColombo spacecraft flies by Mercury, sees volcanic plain and impact craters","""The moment when we first looked at the MERTIS flyby data and could immediately distinguish impact craters was breathtaking!""",https://www.space.com/the-universe/mercury/bepicolombo-spacecraft-flies-by-mercury-sees-volcanic-plain-and-impact-craters,https://cdn.mos.cms.futurecdn.net/DZxQeM2uSwVWt7AY5mLfjb-1200-80.jpg,2024-12-19T17:00:00Z,"BepiColombo just imaged Mercury in a whole new light — mid-infrared light, to be precise.
On the spacecraft's fifth flyby of Mercury
 earlier this month (out of a planned six flybys) BepiColombo po… [+4402 chars]"
"{'id': None, 'name': 'Digitimes'}",DIGITIMES,"US grants US$59 million in chip subsidy to BAE Systems, Rocket Lab",The US Department of Commerce has awarded two significant grants under the CHIPS Incentives Program. The funding will go to BAE Systems and Rocket Lab to advance the country's supply chain security in vital defense and space industry components.,https://www.digitimes.com/news/a20241126VL200/government-rocket-security-funding-manufacturing.html,https://img.digitimes.com/newsshow/20241126vl200_files/1_2b.jpg,2024-11-26T07:21:24Z,"Save my User ID and Password
Some subscribers prefer to save their log-in information so they do not have to enter their User ID and Password each time they visit the site. To activate this function… [+307 chars]"
"{'id': None, 'name': 'NASA'}",Bill Keeter,New Report Analyzes Long History of NASA Support for Commercial Space,"NASA published a new report Thursday highlighting 17 agency mechanisms that have directly and indirectly supported the development and growth of the U.S. commercial space sector for the benefit of humanity. The report, titled Enabling America on the Space Fro…",https://www.nasa.gov/organizations/otps/new-report-analyzes-long-history-of-nasa-support-for-commercial-space/,https://images-assets.nasa.gov/image/iss072e005702/iss072e005702~large.jpg,2024-12-19T20:30:04Z,NASA published a new report Thursday highlighting 17 agency mechanisms that have directly and indirectly supported the development and growth of the U.S. commercial space sector for the benefit of hu… [+3966 chars]
"{'id': None, 'name': 'IndieWire'}",Sarah Shachat,‘Hundreds of Beavers’ Leaned on Wooden Instruments and Amazon Prime to Craft a Slapstick Soundscape,Sound designer Bobb Barito tells IndieWire about crafting hundreds of audio gags for a not-so-silent movie — and testing Amazon Prime's return policy,https://www.indiewire.com/features/craft/hundreds-of-beavers-sound-design-slapstick-1235068545/,https://www.indiewire.com/wp-content/uploads/2024/10/HOB-14-_1_.jpg?w=650,2024-12-14T16:00:00Z,"Over the course of 2024 — through an inspired video-on-demand strategy that now includes being free on Youtube, so you have no excuse — the legend of “Hundreds of Beavers” has spread. 
Some of that … [+5726 chars]"
"{'id': None, 'name': 'NASA'}",LaToya Dean,"NASA Stennis Celebrates Key Testing, Operations Milestones in 2024","NASA’s Stennis Space Center near Bay St. Louis, Mississippi, celebrated propulsion testing and site operations milestones in 2024, all while inspiring the Artemis Generation and welcoming new leadership that will help NASA Stennis innovate and grow into the f…",https://www.nasa.gov/centers-and-facilities/stennis/stennis-celebrates-key-milestones-in-2024/,https://www.nasa.gov/wp-content/uploads/2024/12/2-ssc-20240403-s00298h.jpg,2024-12-17T15:00:00Z,"NASAs Stennis Space Center enjoyed an active 2024, marking several milestones and engaging in frontline activities in several key areas. A compilation video offers a look at 2024 highlights in such a… [+6082 chars]"
"{'id': None, 'name': 'Geeksaresexy.net'}",Geeks are Sexy,Human settlement of Mars isn’t as far off as you might think,"Frame Stock Footage / Shutterstock Sam McKee, Manchester Metropolitan University Could humans expand out beyond their homeworld and establish settlements on the planet Mars? The idea of settling the red planet has been around for decades. However, it has been…",https://www.geeksaresexy.net/2024/12/19/human-settlement-of-mars-isnt-as-far-off-as-you-might-think/,https://images.theconversation.com/files/638097/original/file-20241212-15-wvoz8j.jpg?ixlib=rb-4.1.0&rect=0%2C5%2C3840%2C2149&q=45&auto=format&w=754&fit=clip,2024-12-19T17:25:02Z,"Frame Stock Footage / Shutterstock
Sam McKee, Manchester Metropolitan University
Could humans expand out beyond their homeworld and establish settlements on the planet Mars? The idea of settling th… [+5968 chars]"
"{'id': 'business-insider', 'name': 'Business Insider'}","Samantha Stokes,Ben Bergman,Leena Rao,Melia Russell,Rebecca Torrence",Meet 45 rising stars of the venture capital industry who stood out in 2024,"Meet the top emerging venture capitalists of 2024, spotlighting key VCs from diverse backgrounds and sectors, including AI, healthcare, and fintech.",https://www.businessinsider.com/rising-stars-of-the-venture-capital-industry-2024-12,https://i.insider.com/674f44a3e45a68623a2796ca?width=1200&format=jpeg,2024-12-04T10:00:02Z,"From left to right: Jon Chu, Caroline Fiegel, Deedy Das, and Iris Sun.Khosla Ventures; Salesforce Ventures; Menlo Ventures; 500 Global; Business Insider
<ul><li>We asked our readers and top VCs to n… [+42062 chars]"
"{'id': None, 'name': 'Yahoo Entertainment'}",,"US finalizes awards to BAE Systems, Rocket Lab for semiconductor chips",,https://consent.yahoo.com/v2/collectConsent?sessionId=1_cc-session_b010fadf-5010-4a6b-b9f2-8c7d5ea5d2b8,,2024-11-25T10:03:14Z,"If you click 'Accept all', we and our partners, including 237 who are part of the IAB Transparency &amp; Consent Framework, will also store and/or access information on a device (in other words, use … [+678 chars]"
"{'id': None, 'name': 'Space.com'}",stingrayghost@gmail.com (Jeff Spry),"'Dune: Prophecy' 'In Blood, Truth:' Tula plays Frankenstein and Desmond's twisted origins exposed",The stage is set for next week’s finale and we hope it's spicy and spectacular.,https://www.space.com/entertainment/dune-prophecy-in-blood-truth-tula-plays-frankenstein-and-desmonds-twisted-origins-exposed,https://cdn.mos.cms.futurecdn.net/DDNxQR4XJ6zyDNJsRTdTnA-1200-80.jpg,2024-12-16T19:09:00Z,"It's almost difficult to fathom that we've just witnessed the penultimate episode of ""Dune: Prophecy's"" six-episode debut season and we're going to miss this immersive series from creators and execut… [+6283 chars]"
"{'id': None, 'name': 'Space.com'}",Robert Lea,'Mind-blowing' dark energy instrument results show Einstein was right about gravity — again,"The first year of data from the 5,000 robotic eyes of DESI shows Einstein's theory of general relativity is the right recipe for gravity despite the challenges of dark energy and dark matter.",https://www.space.com/desi-einstein-gravity-dark-energy,https://cdn.mos.cms.futurecdn.net/q5gWeFvQRDqThzoaNwaXSg-1200-80.png,2024-11-20T01:00:01Z,"General relativity has passed one of its most precise tests ever thanks to observations of the past 11 billion years of cosmic evolution collected by the Dark Energy Spectroscopic Instrument, or DESI… [+6442 chars]"
"{'id': None, 'name': 'Space.com'}",Victoria Corless,Scientists find highest energy cosmic ray electrons ever seen,Scientists with the HESS Observatory have identified the most energetic cosmic electrons ever observed. What could this mean for our understanding of the universe?,https://www.space.com/the-universe/scientists-find-highest-energy-cosmic-electrons-ever-seen,https://cdn.mos.cms.futurecdn.net/VAxMErAFJixUiSvKykJkMJ-1200-80.png,2024-11-25T17:01:00Z,"After over a decade of meticulous data collection, scientists at the H.E.S.S. observatory — which stands for ""High Energy Stereoscopic System"" and is located in Namibia — have made a groundbreaking d… [+6749 chars]"
"{'id': None, 'name': 'Forbes'}","Alex Knapp, Forbes Staff, 
 Alex Knapp, Forbes Staff
 https://www.forbes.com/sites/alexknapp/",The Prototype: Turning Coal Into Batteries,"Plus: IBM tech could making training AI cheaper, Google's new quantum chip, Blue Origin's new satellite and more.",https://www.forbes.com/sites/alexknapp/2024/12/13/the-prototype-ibms-new-optical-hardware-could-make-training-llms-a-lot-cheaper/,"https://imageio.forbes.com/specials-images/imageserve/675b80bf70ef258dd834ace6/0x0.jpg?format=jpg&crop=3000,1686,x0,y0,safe&height=900&width=1600&fit=bounds",2024-12-13T14:00:00Z,"In this weeks edition of The Prototype, we look at a new optical chip for data centers, turning fossil fuels into EV batteries, Googles quantum breakthrough and more. You can sign up to get The Proto… [+7541 chars]"
"{'id': None, 'name': 'CNA'}",,"US finalizes awards to BAE Systems, Rocket Lab for semiconductor chips","WASHINGTON : The U.S. Commerce Department said on Monday it is finalizing nearly $60 million in government subsidies for BAE Systems to build chips used in jets and satellites, and for Rocket Lab to build compound semiconductors used in satellites and spacecr…",https://www.channelnewsasia.com/business/us-finalizes-awards-bae-systems-rocket-lab-semiconductor-chips-4769126,"https://onecms-res.cloudinary.com/image/upload/s--putbuoA0--/fl_relative,g_south_east,l_mediacorp:cna:watermark:2024-04:reuters_1,w_0.1/f_auto,q_auto/c_fill,g_auto,h_676,w_1200/v1/one-cms/core/2024-11-25t100314z_1_lynxnpekao0cb_rtroptp_3_usa-defense-florida.jpg?itok=u7K-kffJ",2024-11-25T10:03:14Z,"WASHINGTON : The U.S. Commerce Department said on Monday it is finalizing nearly $60 million in government subsidies for BAE Systems to build chips used in jets and satellites, and for Rocket Lab to … [+1711 chars]"
"{'id': None, 'name': 'Yahoo Entertainment'}",Ricardo Pillai,Redwire Corporation (RDW): A Bull Case Theory,"We came across a bullish thesis on Redwire Corporation (RDW) on wallstreetbets Subreddit Page by electricalfather. In this article, we will summarize the...",https://finance.yahoo.com/news/redwire-corporation-rdw-bull-case-232343114.html,https://media.zenfs.com/en/insidermonkey.com/f0e99cdc35474c6dd80f08b7413b66ca,2024-12-03T23:23:43Z,"Redwire Corporation (RDW) is considered an undervalued gem in the space sector, with a strong track record of partnerships with major players like NASA, Lockheed Martin, and Boeing. The company has m… [+3816 chars]"
"{'id': 'cbs-news', 'name': 'CBS News'}",William Harwood,"NASA leader weighs in on Elon Musk, SpaceX and plans for moon rocket",NASA Administrator Bill Nelson says he's optimistic the Trump administration will support the space agency's agenda.,https://www.cbsnews.com/news/bill-nelson-nasa-interview-elon-musk-spacex/,https://assets2.cbsnewsstatic.com/hub/i/r/2024/12/18/908c3eb1-24d1-4fac-8d10-7a1ce832dd06/thumbnail/1200x630/325769ef6817dbf935b7fe1357ef989f/starship-egress.jpg?v=fa9977353833f46f40b07abcd9d5240b,2024-12-18T19:26:37Z,Outgoing NASA Administrator Bill Nelson said Wednesday he is optimistic SpaceX founder Elon Musk's relationship with President-Elect Donald Trump will help ensure NASA receives the funding needed to … [+5778 chars]
"{'id': None, 'name': 'Forbes'}","Amanda Kooser, Senior Contributor, 
 Amanda Kooser, Senior Contributor
 https://www.forbes.com/sites/amandakooser/",‘Unexpected’ Smell On Space Station Causes Hiccup In Cargo Delivery,"A mysterious odor and ""small droplets"" greeted cosmonauts on the ISS when they opened the hatch to a newly arrived cargo spacecraft. The smell remains unidentified.",https://www.forbes.com/sites/amandakooser/2024/11/25/unexpected-smell-on-space-station-causes-hiccup-in-cargo-delivery/,"https://imageio.forbes.com/specials-images/imageserve/655e4a29a98ce828e752b734/0x0.jpg?format=jpg&crop=993,558,x20,y74,safe&height=900&width=1600&fit=bounds",2024-11-25T21:23:01Z,"The International Space Station in orbit around Earth.
NASA
Something stenchy arrived on the International Space Station along with a load of food, fuel and supplies over the weekend. The Progress … [+3182 chars]"
"{'id': None, 'name': 'Forbes'}","Bernard Marr, Contributor, 
 Bernard Marr, Contributor
 https://www.forbes.com/sites/bernardmarr/",6 Revolutionary Tech Developments That Defined 2024,"From AI's unprecedented role in global elections to groundbreaking advances, 2024 witnessed some of the most transformative technological developments in history.",https://www.forbes.com/sites/bernardmarr/2024/12/19/6-revolutionary-tech-developments-that-defined-2024/,https://imageio.forbes.com/specials-images/imageserve/6763cd59c9298f001297ed4f/0x0.jpg?format=jpg&height=900&width=1600&fit=bounds,2024-12-19T07:39:54Z,"From AI's unprecedented role in global elections to groundbreaking advances in quantum computing and ... [+] space exploration, 2024 witnessed some of the most transformative technological developmen… [+4570 chars]"
"{'id': None, 'name': 'Forbes'}","Kevin Holden Platt, Contributor, 
 Kevin Holden Platt, Contributor
 https://www.forbes.com/sites/kevinholdenplatt/",Planet Labs’ Crusade To Halt Ukraine War Hailed In New HBO Documentary,Planet Labs’ founders - who have vowed to help end war for all time by mapping war crimes worldwide - steal the show in HBO’s sensational new documentary Wild Wild Space.,https://www.forbes.com/sites/kevinholdenplatt/2024/11/25/planet-labs-crusade-to-halt-ukraine-war-hailed-in-new-hbo-documentary/,https://imageio.forbes.com/specials-images/imageserve/6744d137f782a13b91a876f7/0x0.jpg?format=jpg&height=900&width=1600&fit=bounds,2024-11-25T21:47:48Z,Planet Labs operates the world's greatest constellation of imaging satellites and produces ... [+] remarkable photographs of the Earth's entire surface - shown here is a rocket launch center in Alask… [+11162 chars]
"{'id': None, 'name': 'Universe Today'}",Carolyn Collins Petersen,NASA Pushes Human Moon Landing Back to 2027,"The Artemis moon landings are delayed again due to technical difficulties. This time, the problem is with the Orion spacecraft heat shield. NASA administrator Bill Nelson announced that the new landing dates are in April of 2026 for Artemis II and sometime in…",https://www.universetoday.com/170024/nasa-pushes-human-moon-landing-back-to-2027/,https://www.universetoday.com/wp-content/uploads/2024/11/11-03-24-artemis-3-on-surface.jpg,2024-12-06T20:47:41Z,"The Artemis moon landings are delayed again due to technical difficulties. This time, the problem is with the Orion spacecraft heat shield. NASA administrator Bill Nelson announced that the new landi… [+5006 chars]"
"{'id': None, 'name': 'Twit.tv'}",TWiT,This Week in Space 140: University Rocketeers,"Many of us flew model rockets as young people, but USC Rocket Propulsion Lab takes amateur rocketry to a whole new level--in this case, 470,000 feet! Meet Dr. Dan Erwin and student Ryan Kraemer, who, along with a very talented team of other undergrads, built …",https://twit.tv/shows/this-week-in-space/episodes/140,https://elroy.twit.tv/sites/default/files/images/episodes/2024/12/854492/hero/TWIS0140_thumbnail_v2.jpg,2024-12-13T23:39:30Z,"Many of us flew model rockets as young people, but USC Rocket Propulsion Lab takes amateur rocketry to a whole new level--in this case, 470,000 feet! Meet Dr. Dan Erwin and student Ryan Kraemer, who,… [+2381 chars]"
"{'id': None, 'name': 'Japan Today'}",,Japan's space agency halts Epsilon S rocket engine test after fire,"Japan's space agency aborted an engine test for the Epsilon S rocket on Tuesday following a fire at the test site, a failure that could push the rocket's debut launch beyond the March-end target and cause further delays in the national space program. An explo…",https://japantoday.com/category/national/japan%27s-space-agency-halts-epsilon-s-rocket-engine-test-after-fire1,,2024-11-26T07:33:17Z,"Japan's space agency aborted an engine test for the Epsilon S rocket on Tuesday following a fire at the test site, a failure that could push the rocket's debut launch beyond the March-end target and … [+2223 chars]"
"{'id': None, 'name': 'Gematsu'}",Sal Romano,"Cozy production line simulation game Little Rocket Lab announced for Xbox Series, Xbox One, Switch, PC","Publisher No More Robots and developer Teenage Astronauts have announced cozy production line simulation game Little Rocket Lab for Xbox Series, Xbox One, Switch, and PC (Steam). It will launch in …",https://www.gematsu.com/2024/12/cozy-production-line-simulation-game-little-rocket-lab-announced-for-xbox-series-xbox-one-switch-pc,https://www.gematsu.com/wp-content/uploads/2024/12/Little-Rocket-Lab_2024_12-10-24_014.jpg,2024-12-10T20:20:51Z,"Little Rocket Lab is a cozy take on the production line simulator that takes the genre in a whole new trajectory! We hope you like rocket based puns
You play as Morgan, an aspiring engineer who is s… [+1082 chars]"
"{'id': None, 'name': 'Bleeding Cool News'}",Gavin Sheehan,Everything From The Winter 2024 Wholesome Snack Showcase,"Continuing this week's run of video game livestreams leading up to The 2024 Game Awards, Wholesome Games held their Wholesome Snack Showcase for Winter 2024. Today we got a look at several indie titles, some of them already known and released, but we also got…",https://bleedingcool.com/games/everything-from-the-winter-2024-wholesome-snack-showcase/,https://bleedingcool.com/wp-content/uploads/2024/12/Wholesome-Snack-Showcase-Game-Awards-2024-2000x1125.jpg,2024-12-10T23:12:08Z,"Posted in: Awards Show, Events, Games, Indie Games, Video Games | Tagged: The Game Awards, Wholesome Games, Wholesome Snack Showcase
Wholesome Games held their Winter 2024 Wholesome Snack Showcase a… [+9292 chars]"
"{'id': None, 'name': 'GameSpot'}",Phil Owen,17 Games Like Fortnite To Try Out In 2024,"What exactly does it mean for a game to be like Fortnite? That's a question that used to be a fairly simple one--Fortnite became popular as a battle royale, so ""games like Fortnite"" usually meant other battle royale games. The situation is a little bit differ…",https://www.gamespot.com/gallery/games-like-fortnite/2900-5990/,https://www.gamespot.com/a/uploads/screen_kubrick/1757/17577455/4406456-fortnitec6morekeyart.jpg,2024-11-27T21:19:00Z,GameSpot may receive revenue from affiliate and advertising partnerships for sharing this content and from purchases through links.
"{'id': None, 'name': 'GameSpot'}",Jessica Cogswell,Every Game Announced At The Game Awards Wholesome Snack Showcase,"In addition to recognizing some of the greatest games of the past year, The Game Awards is also a celebration of all the fantastic games to come. Each December, we are treated to plenty of jam-packed showcases filled with reveals, updates, and even a few surp…",https://www.gamespot.com/gallery/every-game-announced-at-the-game-awards-wholesome-snack-showcase/2900-6050/,https://www.gamespot.com/a/uploads/screen_kubrick/1639/16394322/4412790-ljzdp1wd.png,2024-12-10T21:50:00Z,GameSpot may receive revenue from affiliate and advertising partnerships for sharing this content and from purchases through links.
"{'id': None, 'name': 'New York Post'}",Allie Griffin,College students break record for highest rocket launched by amateurs at 89 miles above Earth,"""We’re just college students who have homework and dishes and groceries to do, and we just sent a rocket to space. We broke the world record and sent a rocket higher than any [amateur] ever has.”",https://nypost.com/2024/11/20/science/usc-students-break-record-for-highest-rocket-launched-by-amateurs/,https://nypost.com/wp-content/uploads/sites/2/2024/11/usc-lab-breaks-amateur-record-93987278.jpg?quality=75&strip=all&w=1024,2024-11-20T07:23:55Z,"Move over Musk. 
A team of college kids at the University of Southern California broke the world record for the highest altitude reached by a rocket launched by amateurs — soaring a whopping 89 mile… [+3355 chars]"
"{'id': None, 'name': 'New Atlas'}",Joe Salas,The ram-rotor detonation engine: A new era of hypersonic propulsion,"A self-propagating series of explosions, contained between the blades of a high-speed rotor, promises a leap in power and efficiency during hypersonic flight – provided this radical new engine can be built strong enough to withstand its own power.Continue Rea…",https://newatlas.com/aircraft/ram-rotor-detonation-engine-hypersonic-propulsion/,https://assets.newatlas.com/dims4/default/3545e69/2147483647/strip/true/crop/2053x1078+0+39/resize/1200x630!/quality/90/?url=http%3A%2F%2Fnewatlas-brightspot.s3.amazonaws.com%2F36%2Ffa%2F9352d42c4acd891777efd70a3c27%2Fram-rotor-detonation-engine-2.jpg&na.image_optimisation=0,2024-12-05T07:00:56Z,"A self-propagating series of explosions, contained between the blades of a high-speed rotor, promises a leap in power and efficiency during hypersonic flight provided this radical new engine can be b… [+6437 chars]"
"{'id': None, 'name': 'Gamingonlinux.com'}",Liam Dawe,Little Rocket Lab is probably the cutest production-line automation sim ever,"No More Robots and Teenage Astronauts recently revealed Little Rocket Lab, a cozy take on the production-line automation genre and it looks lovely..Read the full article on GamingOnLinux.",https://www.gamingonlinux.com/2024/12/little-rocket-lab-is-probably-the-cutest-production-line-automation-sim-ever/.,https://www.gamingonlinux.com/uploads/articles/tagline_images/136137821id25862gol.jpg,2024-12-16T12:56:44Z,"No More Robots and Teenage Astronauts recently revealed Little Rocket Lab, a cozy take on the production-line automation genre and it looks lovely.
More: "" You play as Morgan, an aspiring engineer w… [+627 chars]"
"{'id': None, 'name': 'Raw Story'}",The Conversation,Human settlement of Mars isn’t as far off as you might think,"Could humans expand out beyond their homeworld and establish settlements on the planet Mars? The idea of settling the red planet has been around for decades. However, it has been seen by sceptics as a delusion at best and mere bluster at worst. Mars might see…",https://www.rawstory.com/human-settlement-of-mars-isnt-as-far-off-as-you-might-think/,https://www.rawstory.com/media-library/the-uaes-mars-mission-seeks-to-bring-hope-to-more-places-than-the-red-planet.jpg?id=24810091&width=1200&height=600&coordinates=0%2C15%2C0%2C15,2024-12-18T11:37:53Z,"Could humans expand out beyond their homeworld and establish settlements on the planet Mars? The idea of settling the red planet has been around for decades. However, it has been seen by sceptics as … [+5886 chars]"
"{'id': None, 'name': 'Biztoc.com'}",aol.com,"Rocket Lab Stock: Buy, Sell, or Hold?","The space economy is growing like gangbusters. Jeff Bezos recently said that he thinks his space flight company Blue Origin will eventually be larger than Amazon, the technology giant he founded. For reference, Amazon currently has a market capitalization of …",https://biztoc.com/x/419905a263eea929,https://biztoc.com/cdn/419905a263eea929_s.webp,2024-12-11T12:22:49Z,"The space economy is growing like gangbusters. Jeff Bezos recently said that he thinks his space flight company Blue Origin will eventually be larger than Amazon, the technology giant he founded. For… [+145 chars]"
"{'id': None, 'name': 'Biztoc.com'}",aol.com,Is Rocket Lab Stock a Millionaire Maker?,"Over the last several years, entrepreneurs Elon Musk and Jeff Bezos have brought a lot of attention to private space exploration. Partly due to Musk's SpaceX and Bezos' Blue Origin, investors have become increasingly enamored by the prospects of the business …",https://biztoc.com/x/99dc48fc83744385,https://biztoc.com/cdn/99dc48fc83744385_s.webp,2024-11-21T09:28:27Z,"Over the last several years, entrepreneurs Elon Musk and Jeff Bezos have brought a lot of attention to private space exploration. Partly due to Musk's SpaceX and Bezos' Blue Origin, investors have be… [+147 chars]"
"{'id': None, 'name': 'Venkateshrao.com'}",Venkatesh Rao,We Are the Robots,Machinic mirrors and evolving human self-conceptions,https://contraptions.venkateshrao.com/p/we-are-the-robots,"https://substackcdn.com/image/youtube/w_728,c_limit/D_8Pma1vHmw",2024-12-14T12:23:04Z,"The classic 1978 Kraftwerk song We Are the Robots was oddly popular in India when I was growing up. As a kid, I didnt get whatever subversive message there was to the song, and I couldnt quite make o… [+27734 chars]"
"{'id': None, 'name': 'Investing.com'}",Investing.com,Rocket Lab director Merline Saintil sells $1.28 million in stock,Rocket Lab director Merline Saintil sells $1.28 million in stock,https://www.investing.com/news/insider-trading-news/rocket-lab-director-merline-saintil-sells-128-million-in-stock-93CH-3745306,https://i-invdn-com.investing.com/news/international_newspapers_69x52._800x533_L_1419494241.jpg,2024-11-27T22:31:38Z,"LONG BEACH, Calif.—Merline Saintil, a director at Rocket Lab USA, Inc. (NASDAQ:RKLB), has sold 50,000 shares of the company's common stock, according to a recent SEC filing. The shares were sold at a… [+3295 chars]"
"{'id': None, 'name': 'Investing.com'}",Investing.com,Rocket Lab director Alexander Slusky sells shares worth $2.36 million,Rocket Lab director Alexander Slusky sells shares worth $2.36 million,https://www.investing.com/news/insider-trading-news/rocket-lab-director-alexander-slusky-sells-shares-worth-236-million-93CH-3755642,https://i-invdn-com.investing.com/news/news_pile_69x52._800x533_L_1419494209.jpg,2024-12-05T02:52:46Z,"Alexander R. Slusky, a director at Rocket Lab USA, Inc. (NASDAQ:RKLB), recently executed two significant stock sales, according to a filing with the Securities and Exchange Commission. The space tech… [+2201 chars]"
"{'id': None, 'name': 'Investing.com'}",Investing.com,Rocket Lab completes new spacecraft for Varda missions,Rocket Lab completes new spacecraft for Varda missions,https://www.investing.com/news/company-news/rocket-lab-completes-new-spacecraft-for-varda-missions-93CH-3776849,https://i-invdn-com.investing.com/redesign/images/seo/investing_300X300.png,2024-12-17T13:13:26Z,"LONG BEACH, Calif. - Rocket Lab USA, Inc. (NASDAQ: RKLB), a rapidly growing space technology company with a market capitalization of nearly $13 billion and impressive 497% stock return over the past … [+3841 chars]"
"{'id': None, 'name': 'Screen Rant'}",Carlyle Edmundson,"Sorry, Misty But Brock Is Ash's Best Companion, And These 10 Iconic Pokémon Anime Episodes Prove It","Brock was Ash's closest companion for years, traveling with him from Kanto to Sinnoh. Here are 10 of the best episodes of the anime starring Brock.",https://screenrant.com/best-brock-episodes-pokemon-anime/,https://static1.srcdn.com/wordpress/wp-content/uploads/2024/12/pokemon-brock-over-the-years.jpg,2024-12-13T16:30:15Z,"Without a doubt, Ash's closest companion throughout his journey was Brock. Brock appears in over 500 episodes of the Pokémonanime, a feat shared by only Ash, Pikachu, and Team Rocket. While Brock did… [+10486 chars]"
"{'id': None, 'name': 'Securityaffairs.com'}",Pierluigi Paganini,Experts discovered surveillance tool EagleMsgSpy used by Chinese law enforcement,"Chinese law enforcement uses the mobile surveillance tool EagleMsgSpy to gather data from Android devices, as detailed by Lookout. Researchers at the Lookout Threat Lab discovered a surveillance tool, dubbed EagleMsgSpy, used by Chinese law enforcement to spy…",https://securityaffairs.com/171904/malware/china-uses-eaglemsgspy-malware.html,https://securityaffairs.com/wp-content/uploads/2024/12/image-15.png,2024-12-12T15:01:25Z,"Experts discovered surveillance tool EagleMsgSpy used by Chinese law enforcement
 | Operation PowerOFF took down 27 DDoS platforms across 15 countries
 | Russia's Secret Blizzard APT targets Ukrain… [+123004 chars]"
"{'id': None, 'name': 'Securityaffairs.com'}",Pierluigi Paganini,Russia’s FSB used spyware against a Russian programmer,"Russia’s FSB used spyware against a Russian programmer after detaining him for allegedly donating to Ukraine earlier this year. The Federal Security Service (FSB) used spyware to monitor a Russian programmer, Kirill Parubets, after he was detained earlier thi…",https://securityaffairs.com/171767/malware/russias-fsb-used-spyware-against-a-russian-programmer.html,https://securityaffairs.com/wp-content/uploads/2016/07/Russian-intelligence-FSB.jpg,2024-12-07T08:53:17Z,"Romania s election systems hit by 85,000 attacks ahead of presidential vote
 | New Atrium Health data breach impacts 585,000 individuals
 | U.S. CISA adds CyberPanel flaw to its Known Exploited Vul… [+121581 chars]"
"{'id': None, 'name': 'Securityaffairs.com'}",Pierluigi Paganini,"PUMAKIT, a sophisticated rootkit that uses advanced stealth mechanisms","Researchers discovered PUMAKIT, a Linux rootkit capable of hiding files, escalating privileges, and evading system tools and detection. Elastic Security Lab researchers discovered a new loadable kernel module (LKM) rootkit called PUMAKIT that supports advance…",https://securityaffairs.com/172016/malware/pumakit-sophisticated-rootkit.html,https://securityaffairs.com/wp-content/uploads/2024/12/image-18.png,2024-12-15T16:11:57Z,"PUMAKIT, a sophisticated rootkit that uses advanced stealth mechanisms 
 | SECURITY AFFAIRS MALWARE NEWSLETTER ROUND 24
 | Security Affairs newsletter Round 502 by Pierluigi Paganini INTERNATIONAL … [+123687 chars]"
"{'id': None, 'name': 'Biztoc.com'}",spacenews.com,Rocket Lab launches two Electrons within 24 hours,"WASHINGTON — Rocket Lab launched a pair of Electron rockets with 24 hours of each other Nov. 24, a first for the company.
One Electron lifted off from Rocket Lab’s Launch Complex 2 on Wallops Island, Virginia, at 1 a.m. Eastern. That launch used a suborbital …",https://biztoc.com/x/6b02b31f24a725be,https://biztoc.com/cdn/6b02b31f24a725be_s.webp,2024-11-25T15:52:21Z,"WASHINGTON Rocket Lab launched a pair of Electron rockets with 24 hours of each other Nov. 24, a first for the company.One Electron lifted off from Rocket Labs Launch Complex 2 on Wallops Island, Vir… [+151 chars]"
"{'id': None, 'name': 'Biztoc.com'}",marketwatch.com,Rocket Lab’s stock climbs after company completes two launches in less than 24 hours,Space-launch company Rocket Lab successfully completed the two launches in different hemispheres.,https://biztoc.com/x/9ae82335647dacee,https://biztoc.com/cdn/808/og.png,2024-11-25T13:07:57Z,"Space-launch company Rocket Lab successfully completed the two launches in different hemispheres.
This story appeared on marketwatch.com, 2024-11-25 12:42:00."
"{'id': None, 'name': 'Investing.com'}",Investing.com,Rocket Lab Successfully Launches Two Missions in Less Than 24 Hours,Rocket Lab Successfully Launches Two Missions in Less Than 24 Hours,https://www.investing.com/news/press-releases/rocket-lab-successfully-launches-two-missions-in-less-than-24-hours-93CH-3738626,https://i-invdn-com.investing.com/redesign/images/seo/investing_300X300.png,2024-11-25T06:32:04Z,"Two missions launched in less than 24 hours from two pads in two different hemispheres, setting a new company record for fastest launch turnaround.
 MAHIA, New Zealand--(BUSINESS WIRE)--Rocket Lab U… [+7474 chars]"
"{'id': None, 'name': ""Investor's Business Daily""}","KEN SHREVE, VIDYA RAMAKRISHNAN, Investor's Business Daily",Stock Market Today: Small Caps Fall Again As Major Indexes Close With Minor Moves (Live Coverage),Stocks pared early gains in the stock market today and breadth turned negative by more than 2-to-1 on both exchanges.,https://www.investors.com/market-trend/stock-market-today/nasdaq-dow-jones-sp500-broadcom-stock-nvidia-stock/,https://www.investors.com/wp-content/uploads/2022/09/Stock-BearFish-shutt.jpg,2024-12-13T21:15:30Z,"The stock market closed narrowly mixed Friday, with the Dow Jones Industrial Average down 0.2% and the Nasdaq composite up 0.1% after paring gains.
The S&amp;P 500 closed flat. Small caps struggled,… [+4767 chars]"
"{'id': None, 'name': 'ETF Daily News'}",MarketBeat News,"Charles Schwab Investment Management Inc. Increases Stock Holdings in Rocket Lab USA, Inc. (NASDAQ:RKLB)","Charles Schwab Investment Management Inc. increased its holdings in shares of Rocket Lab USA, Inc. (NASDAQ:RKLB – Free Report) by 22.7% during the third quarter, HoldingsChannel reports. The institutional investor owned 2,878,357 shares of the rocket manufact…",https://www.etfdailynews.com/2024/12/05/charles-schwab-investment-management-inc-increases-stock-holdings-in-rocket-lab-usa-inc-nasdaqrklb/,https://www.americanbankingnews.com/wp-content/timthumb/timthumb.php?src=https://www.marketbeat.com/logos/rocketlab-logo-1200x675.png?v=20210909090746&w=240&h=240&zc=2,2024-12-05T08:18:54Z,"Charles Schwab Investment Management Inc. increased its holdings in shares of Rocket Lab USA, Inc. (NASDAQ:RKLB – Free Report) by 22.7% during the third quarter, HoldingsChannel reports. The institut… [+5486 chars]"
"{'id': None, 'name': 'Biztoc.com'}",techcrunch.com,Rocket Lab nails two missions within 24 hours – one in each hemisphere,"Rocket Lab set a new speed record for launch turnaround time, successfully executing two Electron missions in 24 hours.
The company added in a statement that this is also the first time any launch operator has completed a mission from each hemisphere within t…",https://biztoc.com/x/7af3e2d0c5729a01,https://biztoc.com/cdn/808/og.png,2024-11-25T21:23:31Z,"Rocket Lab set a new speed record for launch turnaround time, successfully executing two Electron missions in 24 hours.The company added in a statement that this is also the first time any launch ope… [+145 chars]"
"{'id': None, 'name': 'ETF Daily News'}",MarketBeat News,Rocket Lab USA (NASDAQ:RKLB) Trading 0.9% Higher Following Analyst Upgrade,"Shares of Rocket Lab USA, Inc. (NASDAQ:RKLB – Get Free Report) shot up 0.9% during trading on Thursday after Wells Fargo & Company raised their price target on the stock from $13.50 to $22.00. Wells Fargo & Company currently has an equal weight rating on the …",https://www.etfdailynews.com/2024/12/13/rocket-lab-usa-nasdaqrklb-trading-0-9-higher-following-analyst-upgrade/,https://www.americanbankingnews.com/wp-content/timthumb/timthumb.php?src=https://www.marketbeat.com/logos/rocketlab-logo-1200x675.png?v=20210909090746&w=240&h=240&zc=2,2024-12-13T06:42:51Z,"Shares of Rocket Lab USA, Inc. (NASDAQ:RKLB – Get Free Report) shot up 0.9% during trading on Thursday after Wells Fargo &amp; Company raised their price target on the stock from $13.50 to $22.00. We… [+5353 chars]"
"{'id': None, 'name': 'Biztoc.com'}",aol.com,"If You'd Invested $1,000 in Rocket Lab Stock 3 Years Ago, Here's How Much You'd Have Today","Rocket Lab (NASDAQ: RKLB) has been one of the strongest-performing stocks on the Nasdaq in 2024, soaring by more than 380% since the start of the year.
That's impressive, but how have longer-term investors in Rocket Lab fared? For those who bought the stock b…",https://biztoc.com/x/4ab472fff926758b,https://biztoc.com/cdn/4ab472fff926758b_s.webp,2024-12-18T13:24:30Z,"Rocket Lab (NASDAQ: RKLB) has been one of the strongest-performing stocks on the Nasdaq in 2024, soaring by more than 380% since the start of the year.That's impressive, but how have longer-term inve… [+148 chars]"
"{'id': None, 'name': 'Biztoc.com'}",seekingalpha.com,Why Rocket Lab Is My Best Call Ever,"Introduction
""David Vs. Goliath: Rocket Lab Is Coming For The Big Boys""
This is the title I used for my August 23 article about Rocket Lab USA (NASDAQ:RKLB), the ""mini-SpaceX"" that has turned into my best
Test Drive iREIT© on Alpha For FREE (for 2 Weeks)
Join…",https://biztoc.com/x/fe658115dda4c3ec,https://biztoc.com/cdn/fe658115dda4c3ec_s.webp,2024-12-02T11:43:42Z,"Introduction""David Vs. Goliath: Rocket Lab Is Coming For The Big Boys""This is the title I used for my August 23 article about Rocket Lab USA (NASDAQ:RKLB), the ""mini-SpaceX"" that has turned into my b… [+146 chars]"
"{'id': None, 'name': 'ETF Daily News'}",MarketBeat News,Rocket Lab USA (NASDAQ:RKLB) Price Target Raised to $22.00,"Rocket Lab USA (NASDAQ:RKLB – Free Report) had its price objective raised by Citigroup from $13.00 to $22.00 in a research note published on Monday,Benzinga reports. Citigroup currently has a buy rating on the rocket manufacturer’s stock. A number of other re…",https://www.etfdailynews.com/2024/11/22/rocket-lab-usa-nasdaqrklb-price-target-raised-to-22-00/,https://www.americanbankingnews.com/wp-content/timthumb/timthumb.php?src=https://www.marketbeat.com/logos/rocketlab-logo.png?v=20210909090746&w=240&h=240&zc=2,2024-11-22T06:16:50Z,"Rocket Lab USA (NASDAQ:RKLB – Free Report) had its price objective raised by Citigroup from $13.00 to $22.00 in a research note published on Monday,Benzinga reports. Citigroup currently has a buy rat… [+4113 chars]"
"{'id': None, 'name': 'ETF Daily News'}",MarketBeat News,Rocket Lab USA (NASDAQ:RKLB) Trading 0.9% Higher – Still a Buy?,"Rocket Lab USA, Inc. (NASDAQ:RKLB – Get Free Report) rose 0.9% on Thursday . The company traded as high as $27.20 and last traded at $25.67. Approximately 26,547,281 shares were traded during trading, an increase of 129% from the average daily volume of 11,61…",https://www.etfdailynews.com/2024/11/30/rocket-lab-usa-nasdaqrklb-trading-0-9-higher-still-a-buy/,https://www.americanbankingnews.com/wp-content/timthumb/timthumb.php?src=https://www.marketbeat.com/logos/rocketlab-logo-1200x675.png?v=20210909090746&w=240&h=240&zc=2,2024-11-30T09:17:01Z,"Rocket Lab USA, Inc. (NASDAQ:RKLB – Get Free Report) rose 0.9% on Thursday . The company traded as high as $27.20 and last traded at $25.67. Approximately 26,547,281 shares were traded during trading… [+4907 chars]"
"{'id': None, 'name': 'Biztoc.com'}",benzinga.com,What's Going On With Rocket Lab Stock on Friday?,"Rocket Lab USA, Inc. (NASDAQ:RKLB) shares are trading higher on Friday.
The firm has announced the upcoming “Owl The Way Up” mission, set to launch on December 18th, 2024, from its Launch Complex 1 in Mahia, New Zealand.
This mission will deploy the latest sa…",https://biztoc.com/x/7e31dc4110e0a2e3,https://biztoc.com/cdn/7e31dc4110e0a2e3_s.webp,2024-12-06T19:01:22Z,"Rocket Lab USA, Inc. (NASDAQ:RKLB) shares are trading higher on Friday.The firm has announced the upcoming Owl The Way Up mission, set to launch on December 18th, 2024, from its Launch Complex 1 in M… [+137 chars]"
"{'id': None, 'name': 'Biztoc.com'}",aol.com,Is Rocket Lab USA a Millionaire-Maker Stock?,"If you're looking for a millionaire-maker stock, one way to do it is finding a small company pioneering a massive long-term opportunity. Rocket Lab USA (NASDAQ: RKLB) certainly seems to fit the bill as it aims to capture a slice of the rapidly expanding space…",https://biztoc.com/x/c67aa51ac2765f18,https://biztoc.com/cdn/c67aa51ac2765f18_s.webp,2024-12-06T12:46:39Z,"If you're looking for a millionaire-maker stock, one way to do it is finding a small company pioneering a massive long-term opportunity. Rocket Lab USA (NASDAQ: RKLB) certainly seems to fit the bill … [+143 chars]"
"{'id': None, 'name': 'Biztoc.com'}",youtube.com,"Lightning Round: I prefer to own bitcoin outright over Microstrategy, says Jim Cramer","'Mad Money' host Jim Cramer weighs in on stock including: Oscar Health, CNH Industrial, B&G Foods, Rocket Lab, and ...",https://biztoc.com/x/7dd21e5b593a8785,https://biztoc.com/cdn/7dd21e5b593a8785_s.webp,2024-11-22T03:08:13Z,"'Mad Money' host Jim Cramer weighs in on stock including: Oscar Health, CNH Industrial, B&amp;G Foods, Rocket Lab, and ...
This story appeared on youtube.com, 2024-11-22 01:23:05."
"{'id': None, 'name': 'CNA'}",,Japan's space agency halts Epsilon S rocket engine test after large fire at site,"TOKYO: Japan's space agency has halted an engine combustion test of its Epsilon S rocket, a spokesperson said on Tuesday (Nov 26), after a fire broke out at the test site, the Tanegashima Space Center in southwestern Japan.",https://www.channelnewsasia.com/east-asia/japan-tanegashima-space-center-rocket-engine-testing-halted-fire-4770551,"https://onecms-res.cloudinary.com/image/upload/s--SrC9V1QF--/fl_relative,g_south_east,l_mediacorp:cna:watermark:2023-11:afp_watermark_14112023,w_0.1/f_auto,q_auto/c_fill,g_auto,h_676,w_1200/v1/mediacorp/cna/image/2024/11/26/japan_space_centre.jpg?itok=RR8pL5pV",2024-11-26T02:04:00Z,"TOKYO: Japan's space agency has halted an engine combustion test of its Epsilon S rocket, a spokesperson said on Tuesday (Nov 26), after a fire broke out at the test site, the Tanegashima Space Cente… [+1943 chars]"
"{'id': None, 'name': 'ETF Daily News'}",MarketBeat News,"Integrated Wealth Concepts LLC Decreases Position in Rocket Lab USA, Inc. (NASDAQ:RKLB)","Integrated Wealth Concepts LLC trimmed its holdings in shares of Rocket Lab USA, Inc. (NASDAQ:RKLB – Free Report) by 82.0% during the 3rd quarter, according to the company in its most recent 13F filing with the Securities and Exchange Commission (SEC). The fu…",https://www.etfdailynews.com/2024/12/15/integrated-wealth-concepts-llc-decreases-position-in-rocket-lab-usa-inc-nasdaqrklb/,https://www.americanbankingnews.com/wp-content/timthumb/timthumb.php?src=https://www.marketbeat.com/logos/rocketlab-logo-1200x675.png?v=20210909090746&w=240&h=240&zc=2,2024-12-15T10:40:47Z,"Integrated Wealth Concepts LLC trimmed its holdings in shares of Rocket Lab USA, Inc. (NASDAQ:RKLB – Free Report) by 82.0% during the 3rd quarter, according to the company in its most recent 13F fili… [+5589 chars]"
"{'id': None, 'name': 'Biztoc.com'}",cnbc.com,"47-year-old billionaire: 'My superpowers' are paranoia, workaholism and micromanaging—'that's worked for me'","Peter Beck's concern around failure often keeps him up at night, but the billionaire says it also helped him build Rocket Lab into a $11 billion company.",https://biztoc.com/x/971b8876de52b7a5,https://biztoc.com/cdn/808/og.png,2024-12-09T18:59:18Z,"Peter Beck's concern around failure often keeps him up at night, but the billionaire says it also helped him build Rocket Lab into a $11 billion company.
This story appeared on cnbc.com, 2024-12-09 … [+8 chars]"
"{'id': None, 'name': 'Screen Rant'}",Kaitlyn Peterson,"MySims Kingdom: Every Island, Ranked From Worst To Best","MySims Kingdom is arriving on the Switch, allowing fans to relive the nostalgia of their favorite islands, but are they as good as you remember?",https://screenrant.com/mysims-kingdom-islands-ranked-cozy-bundle/,https://static1.srcdn.com/wordpress/wp-content/uploads/2024/11/buddy-yuki-candy-the-princess-and-king-roland-from-mysims-kingdom-standing-in-a-group.jpg,2024-11-20T02:30:15Z,"MySims Kingdom is finally making its way onto the Nintendo Switch as part of MySims: Cozy Bundle. 16 years after its initial release on the Nintendo Wii and Nintendo DS, the new port will allow plent… [+12714 chars]"
"{'id': None, 'name': 'ETF Daily News'}",MarketBeat News,"Centiva Capital LP Buys New Position in Rocket Lab USA, Inc. (NASDAQ:RKLB)","Centiva Capital LP purchased a new position in Rocket Lab USA, Inc. (NASDAQ:RKLB – Free Report) in the third quarter, according to the company in its most recent Form 13F filing with the SEC. The fund purchased 11,971 shares of the rocket manufacturer’s stock…",https://www.etfdailynews.com/2024/12/14/centiva-capital-lp-buys-new-position-in-rocket-lab-usa-inc-nasdaqrklb/,https://www.americanbankingnews.com/wp-content/timthumb/timthumb.php?src=https://www.marketbeat.com/logos/rocketlab-logo-1200x675.png?v=20210909090746&w=240&h=240&zc=2,2024-12-14T09:28:55Z,"Centiva Capital LP purchased a new position in Rocket Lab USA, Inc. (NASDAQ:RKLB – Free Report) in the third quarter, according to the company in its most recent Form 13F filing with the SEC. The fun… [+4898 chars]"
"{'id': None, 'name': 'ETF Daily News'}",MarketBeat News,Wells Fargo & Company Issues Positive Forecast for Rocket Lab USA (NASDAQ:RKLB) Stock Price,"Rocket Lab USA (NASDAQ:RKLB – Free Report) had its price target raised by Wells Fargo & Company from $13.50 to $22.00 in a research note published on Wednesday morning,Benzinga reports. Wells Fargo & Company currently has an equal weight rating on the rocket …",https://www.etfdailynews.com/2024/12/14/wells-fargo-company-issues-positive-forecast-for-rocket-lab-usa-nasdaqrklb-stock-price/,https://www.americanbankingnews.com/wp-content/timthumb/timthumb.php?src=https://www.marketbeat.com/logos/rocketlab-logo.png?v=20210909090746&w=240&h=240&zc=2,2024-12-14T07:04:43Z,"Rocket Lab USA (NASDAQ:RKLB – Free Report) had its price target raised by Wells Fargo &amp; Company from $13.50 to $22.00 in a research note published on Wednesday morning,Benzinga reports. Wells Far… [+5351 chars]"
"{'id': None, 'name': 'Biztoc.com'}",investors.com,"Rocket Lab Lands CHIPs Award, Successful Missions; SpaceX Launch On Deck","The space industry docket for Monday is packed with a slew of rocket launches and acquisition news. SpaceX already completed one launch of Starlink satellites early Monday. It has another potentially on tap for tonight. Meanwhile, rival Rocket Lab (RKLB) succ…",https://biztoc.com/x/3378658a2df21c12,https://biztoc.com/cdn/3378658a2df21c12_s.webp,2024-11-26T02:45:13Z,The space industry docket for Monday is packed with a slew of rocket launches and acquisition news. SpaceX already completed one launch of Starlink satellites early Monday. It has another potentially… [+147 chars]
"{'id': None, 'name': 'ETF Daily News'}",MarketBeat News,Stock Traders Purchase High Volume of Call Options on Rocket Lab USA (NASDAQ:RKLB),"Rocket Lab USA, Inc. (NASDAQ:RKLB – Get Free Report) was the target of unusually large options trading on Tuesday. Stock investors purchased 127,471 call options on the company. This is an increase of approximately 162% compared to the average daily volume of…",https://www.etfdailynews.com/2024/11/28/stock-traders-purchase-high-volume-of-call-options-on-rocket-lab-usa-nasdaqrklb/,https://www.americanbankingnews.com/wp-content/timthumb/timthumb.php?src=https://www.marketbeat.com/logos/rocketlab-logo-1200x675.png?v=20210909090746&w=240&h=240&zc=2,2024-11-28T06:30:47Z,"Rocket Lab USA, Inc. (NASDAQ:RKLB – Get Free Report) was the target of unusually large options trading on Tuesday. Stock investors purchased 127,471 call options on the company. This is an increase o… [+4902 chars]"
